-- MySQL dump 10.13  Distrib 8.0.34, for Win64 (x86_64)
--
-- Host: localhost    Database: nemlig_db
-- ------------------------------------------------------
-- Server version	8.0.34

/*!40101 SET @OLD_CHARACTER_SET_CLIENT=@@CHARACTER_SET_CLIENT */;
/*!40101 SET @OLD_CHARACTER_SET_RESULTS=@@CHARACTER_SET_RESULTS */;
/*!40101 SET @OLD_COLLATION_CONNECTION=@@COLLATION_CONNECTION */;
/*!50503 SET NAMES utf8mb4 */;
/*!40103 SET @OLD_TIME_ZONE=@@TIME_ZONE */;
/*!40103 SET TIME_ZONE='+00:00' */;
/*!40014 SET @OLD_UNIQUE_CHECKS=@@UNIQUE_CHECKS, UNIQUE_CHECKS=0 */;
/*!40014 SET @OLD_FOREIGN_KEY_CHECKS=@@FOREIGN_KEY_CHECKS, FOREIGN_KEY_CHECKS=0 */;
/*!40101 SET @OLD_SQL_MODE=@@SQL_MODE, SQL_MODE='NO_AUTO_VALUE_ON_ZERO' */;
/*!40111 SET @OLD_SQL_NOTES=@@SQL_NOTES, SQL_NOTES=0 */;

--
-- Table structure for table `_addresstocustomer`
--

DROP TABLE IF EXISTS `_addresstocustomer`;
/*!40101 SET @saved_cs_client     = @@character_set_client */;
/*!50503 SET character_set_client = utf8mb4 */;
CREATE TABLE `_addresstocustomer` (
  `A` int NOT NULL,
  `B` int NOT NULL,
  UNIQUE KEY `_AddressToCustomer_AB_unique` (`A`,`B`),
  KEY `_AddressToCustomer_B_index` (`B`),
  CONSTRAINT `_AddressToCustomer_A_fkey` FOREIGN KEY (`A`) REFERENCES `address` (`address_id`) ON DELETE CASCADE ON UPDATE CASCADE,
  CONSTRAINT `_AddressToCustomer_B_fkey` FOREIGN KEY (`B`) REFERENCES `customer` (`customer_id`) ON DELETE CASCADE ON UPDATE CASCADE
) ENGINE=InnoDB DEFAULT CHARSET=utf8mb4 COLLATE=utf8mb4_unicode_ci;
/*!40101 SET character_set_client = @saved_cs_client */;

--
-- Dumping data for table `_addresstocustomer`
--

LOCK TABLES `_addresstocustomer` WRITE;
/*!40000 ALTER TABLE `_addresstocustomer` DISABLE KEYS */;
INSERT INTO `_addresstocustomer` VALUES (16,17),(17,18);
/*!40000 ALTER TABLE `_addresstocustomer` ENABLE KEYS */;
UNLOCK TABLES;

--
-- Table structure for table `_categorytoproduct`
--

DROP TABLE IF EXISTS `_categorytoproduct`;
/*!40101 SET @saved_cs_client     = @@character_set_client */;
/*!50503 SET character_set_client = utf8mb4 */;
CREATE TABLE `_categorytoproduct` (
  `A` int NOT NULL,
  `B` int NOT NULL,
  UNIQUE KEY `_CategoryToProduct_AB_unique` (`A`,`B`),
  KEY `_CategoryToProduct_B_index` (`B`),
  CONSTRAINT `_CategoryToProduct_A_fkey` FOREIGN KEY (`A`) REFERENCES `category` (`category_id`) ON DELETE CASCADE ON UPDATE CASCADE,
  CONSTRAINT `_CategoryToProduct_B_fkey` FOREIGN KEY (`B`) REFERENCES `product` (`product_id`) ON DELETE CASCADE ON UPDATE CASCADE
) ENGINE=InnoDB DEFAULT CHARSET=utf8mb4 COLLATE=utf8mb4_unicode_ci;
/*!40101 SET character_set_client = @saved_cs_client */;

--
-- Dumping data for table `_categorytoproduct`
--

LOCK TABLES `_categorytoproduct` WRITE;
/*!40000 ALTER TABLE `_categorytoproduct` DISABLE KEYS */;
INSERT INTO `_categorytoproduct` VALUES (6,10236),(6,10237),(2,11500),(2,20020),(2,20025),(2,20026),(2,20100),(2,20129),(2,20302),(6,20364),(2,20381),(2,20500),(2,20758),(2,21200),(2,21474),(2,21476),(2,21479),(2,21480),(2,21488),(2,21497),(2,21499),(2,21506),(2,21510),(2,21513),(2,22031),(2,22032),(6,101386),(2,120170),(2,120171),(6,200111),(6,200131),(6,200204),(6,200400),(6,200402),(6,200412),(6,200447),(6,200448),(6,200836),(6,200837),(6,200941),(6,211186),(6,211190),(6,211194),(6,211198),(6,211238),(6,211240),(6,211242),(6,211243),(6,211342),(6,212607),(6,212612),(6,212613),(6,212616),(6,212617),(6,212650),(6,212652),(6,212656),(6,213310),(6,213345),(6,213355),(6,213358),(6,213625),(6,213835),(6,213846),(6,213860),(6,213865),(6,213942),(6,214115),(6,214130),(6,214134),(6,214138),(6,214405),(6,214413),(6,214415),(6,214450),(6,214455),(6,214473),(6,215642),(6,215644),(6,215662),(6,215668);
/*!40000 ALTER TABLE `_categorytoproduct` ENABLE KEYS */;
UNLOCK TABLES;

--
-- Table structure for table `_labeltoproduct`
--

DROP TABLE IF EXISTS `_labeltoproduct`;
/*!40101 SET @saved_cs_client     = @@character_set_client */;
/*!50503 SET character_set_client = utf8mb4 */;
CREATE TABLE `_labeltoproduct` (
  `A` int NOT NULL,
  `B` int NOT NULL,
  UNIQUE KEY `_LabelToProduct_AB_unique` (`A`,`B`),
  KEY `_LabelToProduct_B_index` (`B`),
  CONSTRAINT `_LabelToProduct_A_fkey` FOREIGN KEY (`A`) REFERENCES `label` (`label_id`) ON DELETE CASCADE ON UPDATE CASCADE,
  CONSTRAINT `_LabelToProduct_B_fkey` FOREIGN KEY (`B`) REFERENCES `product` (`product_id`) ON DELETE CASCADE ON UPDATE CASCADE
) ENGINE=InnoDB DEFAULT CHARSET=utf8mb4 COLLATE=utf8mb4_unicode_ci;
/*!40101 SET character_set_client = @saved_cs_client */;

--
-- Dumping data for table `_labeltoproduct`
--

LOCK TABLES `_labeltoproduct` WRITE;
/*!40000 ALTER TABLE `_labeltoproduct` DISABLE KEYS */;
INSERT INTO `_labeltoproduct` VALUES (6,11002),(37,11002),(5,11163),(6,11163),(5,11164),(6,11164),(5,11222),(6,11222),(5,13271),(6,13271),(5,20020),(6,20020),(39,20020),(40,20020),(203,20020),(5,20025),(6,20025),(39,20025),(203,20025),(5,20026),(6,20026),(39,20026),(40,20026),(203,20026),(6,20062),(70,20100),(202,20100),(5,20129),(6,20129),(39,20129),(203,20129),(5,20131),(6,20131),(39,20131),(203,20131),(37,20152),(31,20231),(70,20231),(37,20233),(70,20302),(37,20364),(5,20369),(6,20369),(39,20369),(203,20369),(5,20370),(6,20370),(39,20370),(203,20370),(5,20380),(6,20380),(39,20380),(203,20380),(5,20381),(6,20381),(39,20381),(95,20381),(203,20381),(5,20385),(6,20385),(37,20385),(39,20385),(203,20385),(5,20386),(6,20386),(37,20386),(39,20386),(203,20386),(5,20387),(6,20387),(37,20387),(39,20387),(40,20387),(203,20387),(37,20395),(37,20396),(70,20500),(202,20500),(6,20795),(5,20796),(6,20796),(6,20800),(6,20801),(6,20802),(40,21200),(70,21200),(201,21200),(37,21474),(70,21474),(6,21476),(37,21476),(40,21476),(70,21476),(37,21479),(70,21479),(40,21480),(70,21480),(202,21480),(6,21488),(40,21488),(203,21488),(6,21497),(40,21497),(70,21497),(203,21497),(6,21499),(70,21499),(203,21499),(5,21506),(6,21506),(39,21506),(40,21506),(203,21506),(6,21510),(70,21510),(203,21510),(6,21513),(40,21513),(70,21513),(203,21513),(6,21518),(70,21518),(203,21518),(6,21566),(203,21566),(6,21567),(40,21567),(203,21567),(5,21569),(6,21569),(70,21569),(203,21569),(6,21646),(6,21649),(6,21659),(70,21659),(203,21659),(37,21810),(70,21863),(70,21878),(70,21879),(6,21880),(39,21880),(203,21880),(40,21896),(70,21933),(37,21937),(6,22006),(40,22006),(70,22006),(40,22015),(70,22015),(40,22022),(70,22022),(5,22031),(6,22031),(39,22031),(203,22031),(6,22055),(70,22055),(40,22084),(70,22084),(70,22251),(70,22260),(70,22261),(37,22393),(40,22393),(37,22394),(6,22427),(203,22427),(6,22428),(203,22428),(5,22795),(6,22795),(70,22795),(203,22795),(31,22823),(70,22823),(31,22824),(70,22824),(31,22829),(70,22829),(31,22831),(70,22831),(31,22850),(70,22850),(70,23418),(37,23804),(37,23806),(37,23807),(37,23815),(70,23815),(5,23925),(6,23925),(5,23926),(6,23926),(37,23982),(37,23987),(6,24156),(37,24170),(37,24171),(37,24191),(5,24195),(37,24195),(31,24199),(37,24199),(5,24740),(6,24740),(39,24740),(95,24740),(203,24740),(70,25506),(70,25511),(70,25601),(6,25735),(6,25739),(37,25748),(70,25830),(201,26094),(31,100004),(5,100229),(6,100229),(6,100232),(6,100258),(5,100457),(6,100457),(39,100457),(6,100501),(5,100511),(6,100511),(39,100511),(40,100555),(40,100560),(6,100601),(40,100797),(5,100799),(40,100799),(5,101318),(5,101386),(5,101461),(6,101461),(41,101461),(31,104336),(31,104339),(31,104345),(31,104346),(31,105040),(31,105041),(5,108618),(5,108740),(40,109006),(5,110045),(40,110045),(5,110285),(40,110285),(31,110440),(40,110440),(5,110530),(6,110530),(40,110530),(5,110803),(6,110803),(6,110934),(40,118421),(40,118433),(5,120109),(4,130520),(42,130752),(42,131418),(87,131418),(4,131920),(4,131921),(4,131922),(4,131923),(42,135548),(42,135583),(42,136442),(87,136442),(57,140131),(57,140132),(70,140502),(87,140502),(42,140593),(42,140595),(42,140633),(87,140633),(87,141050),(42,141080),(70,141080),(87,141080),(87,142550),(87,144194),(42,147702),(87,147702),(57,147780),(87,147780),(70,150036),(70,152573),(70,152582),(6,160006),(5,160032),(5,160033),(6,160034),(5,160035),(5,160036),(5,160038),(5,160040),(5,160041),(5,160102),(5,160107),(5,160108),(5,160109),(5,160111),(6,160120),(6,160122),(38,160122),(5,160124),(6,160124),(6,160317),(202,160317),(6,160318),(202,160318),(70,170181),(42,170187),(87,170187),(42,170192),(87,170192),(5,180097),(6,180097),(39,180097),(40,180097),(43,180097),(5,180099),(6,180099),(39,180099),(40,180099),(43,180099),(6,180115),(40,180115),(43,180115),(70,180115),(5,180127),(6,180127),(39,180127),(5,180171),(6,180171),(40,180231),(43,180231),(5,181016),(6,181016),(39,181016),(40,181016),(43,181016),(40,181050),(43,181050),(40,181060),(43,181060),(40,181106),(43,181106),(31,183030),(40,183030),(31,183035),(38,183035),(40,183035),(31,183042),(31,183043),(40,183201),(43,183201),(9,190010),(5,200268),(6,200268),(39,200268),(5,200269),(6,200269),(39,200269),(6,200447),(6,200448),(5,200620),(6,200620),(6,200633),(6,200634),(5,200941),(6,200941),(38,200943),(5,200947),(6,200947),(6,200965),(5,200990),(6,200990),(31,210013),(31,210158),(5,210168),(6,210168),(5,210173),(6,210173),(5,210174),(6,210174),(5,210380),(6,210380),(5,210381),(6,210381),(31,210398),(31,210399),(31,211186),(31,211190),(31,211240),(31,211242),(31,211590),(31,211592),(31,212607),(31,212616),(31,212650),(31,213303),(31,213304),(31,213345),(31,213358),(31,213363),(31,213364),(31,213378),(31,213382),(31,213383),(31,213385),(31,213387),(31,213751),(31,213804),(31,213865),(31,213942),(31,214415),(31,214473),(31,215549),(31,215644),(31,215664),(31,215666),(31,215668),(31,215676),(31,215677),(5,220018),(6,220018),(6,225515),(5,225533),(6,225533),(40,231613),(40,232111),(95,240092),(5,240251),(95,241364),(95,241518),(95,241526),(95,241535),(38,260239),(31,260507),(31,260508),(31,260516),(31,260522),(6,261170),(70,261170),(6,261173),(70,261173),(6,261174),(70,261174),(6,261175),(70,261175),(95,261175),(6,261180),(70,261180),(95,261180),(6,261184),(70,261184),(95,261184);
/*!40000 ALTER TABLE `_labeltoproduct` ENABLE KEYS */;
UNLOCK TABLES;

--
-- Table structure for table `_prisma_migrations`
--

DROP TABLE IF EXISTS `_prisma_migrations`;
/*!40101 SET @saved_cs_client     = @@character_set_client */;
/*!50503 SET character_set_client = utf8mb4 */;
CREATE TABLE `_prisma_migrations` (
  `id` varchar(36) CHARACTER SET utf8mb4 COLLATE utf8mb4_unicode_ci NOT NULL,
  `checksum` varchar(64) CHARACTER SET utf8mb4 COLLATE utf8mb4_unicode_ci NOT NULL,
  `finished_at` datetime(3) DEFAULT NULL,
  `migration_name` varchar(255) CHARACTER SET utf8mb4 COLLATE utf8mb4_unicode_ci NOT NULL,
  `logs` text CHARACTER SET utf8mb4 COLLATE utf8mb4_unicode_ci,
  `rolled_back_at` datetime(3) DEFAULT NULL,
  `started_at` datetime(3) NOT NULL DEFAULT CURRENT_TIMESTAMP(3),
  `applied_steps_count` int unsigned NOT NULL DEFAULT '0',
  PRIMARY KEY (`id`)
) ENGINE=InnoDB DEFAULT CHARSET=utf8mb4 COLLATE=utf8mb4_unicode_ci;
/*!40101 SET character_set_client = @saved_cs_client */;

--
-- Dumping data for table `_prisma_migrations`
--

LOCK TABLES `_prisma_migrations` WRITE;
/*!40000 ALTER TABLE `_prisma_migrations` DISABLE KEYS */;
INSERT INTO `_prisma_migrations` VALUES ('3045c303-7917-41bc-9841-c6a0d40cbbfa','298f48efb5dc5b6765cfaa6d3b6e9b923791ba37989cd616dc4dae4b3e5645a0','2023-11-27 12:43:07.775','20231127124307_init',NULL,NULL,'2023-11-27 12:43:07.137',1),('e3266579-200d-4823-b27b-30da5184c8e1','d0cd1d054950cba0328f514caed3efa0162981a706625bba8820e93953877292',NULL,'20231129134908_user_table','A migration failed to apply. New migrations cannot be applied before the error is recovered from. Read more about how to resolve migration issues in a production database: https://pris.ly/d/migrate-resolve\n\nMigration name: 20231129134908_user_table\n\nDatabase error code: 1091\n\nDatabase error:\nCan\'t DROP \'customer_email\'; check that column/key exists\n\nPlease check the query number 1 from the migration file.\n\n   0: sql_schema_connector::apply_migration::apply_script\n           with migration_name=\"20231129134908_user_table\"\n             at schema-engine\\connectors\\sql-schema-connector\\src\\apply_migration.rs:106\n   1: schema_core::commands::apply_migrations::Applying migration\n           with migration_name=\"20231129134908_user_table\"\n             at schema-engine\\core\\src\\commands\\apply_migrations.rs:91\n   2: schema_core::state::ApplyMigrations\n             at schema-engine\\core\\src\\state.rs:201',NULL,'2023-11-30 23:48:55.777',0);
/*!40000 ALTER TABLE `_prisma_migrations` ENABLE KEYS */;
UNLOCK TABLES;

--
-- Table structure for table `_usertouser_role`
--

DROP TABLE IF EXISTS `_usertouser_role`;
/*!40101 SET @saved_cs_client     = @@character_set_client */;
/*!50503 SET character_set_client = utf8mb4 */;
CREATE TABLE `_usertouser_role` (
  `A` int NOT NULL,
  `B` int NOT NULL,
  UNIQUE KEY `_UserToUser_role_AB_unique` (`A`,`B`),
  KEY `_UserToUser_role_B_index` (`B`),
  CONSTRAINT `_UserToUser_role_A_fkey` FOREIGN KEY (`A`) REFERENCES `user` (`user_id`) ON DELETE CASCADE ON UPDATE CASCADE,
  CONSTRAINT `_UserToUser_role_B_fkey` FOREIGN KEY (`B`) REFERENCES `user_role` (`user_role_id`) ON DELETE CASCADE ON UPDATE CASCADE
) ENGINE=InnoDB DEFAULT CHARSET=utf8mb4 COLLATE=utf8mb4_unicode_ci;
/*!40101 SET character_set_client = @saved_cs_client */;

--
-- Dumping data for table `_usertouser_role`
--

LOCK TABLES `_usertouser_role` WRITE;
/*!40000 ALTER TABLE `_usertouser_role` DISABLE KEYS */;
INSERT INTO `_usertouser_role` VALUES (17,1),(18,1),(16,2);
/*!40000 ALTER TABLE `_usertouser_role` ENABLE KEYS */;
UNLOCK TABLES;

--
-- Table structure for table `address`
--

DROP TABLE IF EXISTS `address`;
/*!40101 SET @saved_cs_client     = @@character_set_client */;
/*!50503 SET character_set_client = utf8mb4 */;
CREATE TABLE `address` (
  `address_id` int NOT NULL AUTO_INCREMENT,
  `street` varchar(256) CHARACTER SET utf8mb4 COLLATE utf8mb4_unicode_ci NOT NULL,
  `city` varchar(256) CHARACTER SET utf8mb4 COLLATE utf8mb4_unicode_ci NOT NULL,
  `zip_code` int NOT NULL,
  `country` varchar(256) CHARACTER SET utf8mb4 COLLATE utf8mb4_unicode_ci NOT NULL,
  PRIMARY KEY (`address_id`)
) ENGINE=InnoDB AUTO_INCREMENT=18 DEFAULT CHARSET=utf8mb4 COLLATE=utf8mb4_unicode_ci;
/*!40101 SET character_set_client = @saved_cs_client */;

--
-- Dumping data for table `address`
--

LOCK TABLES `address` WRITE;
/*!40000 ALTER TABLE `address` DISABLE KEYS */;
INSERT INTO `address` VALUES (16,'Vesterbrogade 2','København',1609,'Danmark'),(17,'Vesterbrogade 4','København',1609,'Danmark');
/*!40000 ALTER TABLE `address` ENABLE KEYS */;
UNLOCK TABLES;

--
-- Table structure for table `cart`
--

DROP TABLE IF EXISTS `cart`;
/*!40101 SET @saved_cs_client     = @@character_set_client */;
/*!50503 SET character_set_client = utf8mb4 */;
CREATE TABLE `cart` (
  `cart_id` int NOT NULL AUTO_INCREMENT,
  `customer_id` int DEFAULT NULL,
  PRIMARY KEY (`cart_id`),
  KEY `customer_id` (`customer_id`),
  CONSTRAINT `Cart_customer_id_fkey` FOREIGN KEY (`customer_id`) REFERENCES `customer` (`customer_id`) ON DELETE SET NULL ON UPDATE CASCADE
) ENGINE=InnoDB AUTO_INCREMENT=2 DEFAULT CHARSET=utf8mb4 COLLATE=utf8mb4_unicode_ci;
/*!40101 SET character_set_client = @saved_cs_client */;

--
-- Dumping data for table `cart`
--

LOCK TABLES `cart` WRITE;
/*!40000 ALTER TABLE `cart` DISABLE KEYS */;
INSERT INTO `cart` VALUES (1,17);
/*!40000 ALTER TABLE `cart` ENABLE KEYS */;
UNLOCK TABLES;

--
-- Table structure for table `cart_item`
--

DROP TABLE IF EXISTS `cart_item`;
/*!40101 SET @saved_cs_client     = @@character_set_client */;
/*!50503 SET character_set_client = utf8mb4 */;
CREATE TABLE `cart_item` (
  `cart_item_id` int NOT NULL AUTO_INCREMENT,
  `quantity` int NOT NULL,
  `product_id` int NOT NULL,
  `cart_id` int NOT NULL,
  PRIMARY KEY (`cart_item_id`),
  KEY `Cart_item_cart_id_fkey` (`cart_id`),
  KEY `Cart_item_product_id_fkey` (`product_id`),
  CONSTRAINT `Cart_item_cart_id_fkey` FOREIGN KEY (`cart_id`) REFERENCES `cart` (`cart_id`) ON DELETE RESTRICT ON UPDATE CASCADE,
  CONSTRAINT `Cart_item_product_id_fkey` FOREIGN KEY (`product_id`) REFERENCES `product` (`product_id`) ON DELETE RESTRICT ON UPDATE CASCADE
) ENGINE=InnoDB AUTO_INCREMENT=2 DEFAULT CHARSET=utf8mb4 COLLATE=utf8mb4_unicode_ci;
/*!40101 SET character_set_client = @saved_cs_client */;

--
-- Dumping data for table `cart_item`
--

LOCK TABLES `cart_item` WRITE;
/*!40000 ALTER TABLE `cart_item` DISABLE KEYS */;
INSERT INTO `cart_item` VALUES (1,2,10237,1);
/*!40000 ALTER TABLE `cart_item` ENABLE KEYS */;
UNLOCK TABLES;

--
-- Table structure for table `category`
--

DROP TABLE IF EXISTS `category`;
/*!40101 SET @saved_cs_client     = @@character_set_client */;
/*!50503 SET character_set_client = utf8mb4 */;
CREATE TABLE `category` (
  `category_id` int NOT NULL AUTO_INCREMENT,
  `category_name` varchar(256) CHARACTER SET utf8mb4 COLLATE utf8mb4_unicode_ci NOT NULL,
  `category_description` varchar(256) CHARACTER SET utf8mb4 COLLATE utf8mb4_unicode_ci DEFAULT NULL,
  PRIMARY KEY (`category_id`)
) ENGINE=InnoDB AUTO_INCREMENT=7 DEFAULT CHARSET=utf8mb4 COLLATE=utf8mb4_unicode_ci;
/*!40101 SET character_set_client = @saved_cs_client */;

--
-- Dumping data for table `category`
--

LOCK TABLES `category` WRITE;
/*!40000 ALTER TABLE `category` DISABLE KEYS */;
INSERT INTO `category` VALUES (1,'Frost',NULL),(2,'Mejeri',NULL),(3,'Kød',NULL),(4,'Brød',NULL),(5,'Kolonial',NULL),(6,'Drikkevarer',NULL);
/*!40000 ALTER TABLE `category` ENABLE KEYS */;
UNLOCK TABLES;

--
-- Table structure for table `customer`
--

DROP TABLE IF EXISTS `customer`;
/*!40101 SET @saved_cs_client     = @@character_set_client */;
/*!50503 SET character_set_client = utf8mb4 */;
CREATE TABLE `customer` (
  `customer_id` int NOT NULL AUTO_INCREMENT,
  `customer_name` varchar(256) CHARACTER SET utf8mb4 COLLATE utf8mb4_unicode_ci NOT NULL,
  `registration_date` date NOT NULL,
  `user_id` int DEFAULT NULL,
  PRIMARY KEY (`customer_id`),
  UNIQUE KEY `Customer_user_id_key` (`user_id`),
  CONSTRAINT `Customer_user_id_fkey` FOREIGN KEY (`user_id`) REFERENCES `user` (`user_id`) ON DELETE SET NULL ON UPDATE CASCADE
) ENGINE=InnoDB AUTO_INCREMENT=19 DEFAULT CHARSET=utf8mb4 COLLATE=utf8mb4_unicode_ci;
/*!40101 SET character_set_client = @saved_cs_client */;

--
-- Dumping data for table `customer`
--

LOCK TABLES `customer` WRITE;
/*!40000 ALTER TABLE `customer` DISABLE KEYS */;
INSERT INTO `customer` VALUES (17,'Customer','2023-12-01',17),(18,'Customer2','2023-12-01',18);
/*!40000 ALTER TABLE `customer` ENABLE KEYS */;
UNLOCK TABLES;

--
-- Table structure for table `favorite`
--

DROP TABLE IF EXISTS `favorite`;
/*!40101 SET @saved_cs_client     = @@character_set_client */;
/*!50503 SET character_set_client = utf8mb4 */;
CREATE TABLE `favorite` (
  `favorite_id` int NOT NULL AUTO_INCREMENT,
  `product_id` int DEFAULT NULL,
  `customer_id` int DEFAULT NULL,
  PRIMARY KEY (`favorite_id`),
  KEY `customer_id` (`customer_id`),
  KEY `product_id` (`product_id`),
  CONSTRAINT `Favorite_customer_id_fkey` FOREIGN KEY (`customer_id`) REFERENCES `customer` (`customer_id`) ON DELETE SET NULL ON UPDATE CASCADE,
  CONSTRAINT `Favorite_product_id_fkey` FOREIGN KEY (`product_id`) REFERENCES `product` (`product_id`) ON DELETE SET NULL ON UPDATE CASCADE
) ENGINE=InnoDB DEFAULT CHARSET=utf8mb4 COLLATE=utf8mb4_unicode_ci;
/*!40101 SET character_set_client = @saved_cs_client */;

--
-- Dumping data for table `favorite`
--

LOCK TABLES `favorite` WRITE;
/*!40000 ALTER TABLE `favorite` DISABLE KEYS */;
/*!40000 ALTER TABLE `favorite` ENABLE KEYS */;
UNLOCK TABLES;

--
-- Table structure for table `inventory`
--

DROP TABLE IF EXISTS `inventory`;
/*!40101 SET @saved_cs_client     = @@character_set_client */;
/*!50503 SET character_set_client = utf8mb4 */;
CREATE TABLE `inventory` (
  `inventory_id` int NOT NULL AUTO_INCREMENT,
  `inventory_stock` int NOT NULL,
  `product_id` int DEFAULT NULL,
  PRIMARY KEY (`inventory_id`),
  UNIQUE KEY `product_id` (`product_id`),
  CONSTRAINT `Inventory_product_id_fkey` FOREIGN KEY (`product_id`) REFERENCES `product` (`product_id`) ON DELETE SET NULL ON UPDATE CASCADE
) ENGINE=InnoDB AUTO_INCREMENT=1175 DEFAULT CHARSET=utf8mb4 COLLATE=utf8mb4_unicode_ci;
/*!40101 SET character_set_client = @saved_cs_client */;

--
-- Dumping data for table `inventory`
--

LOCK TABLES `inventory` WRITE;
/*!40000 ALTER TABLE `inventory` DISABLE KEYS */;
INSERT INTO `inventory` VALUES (292,43,100004),(293,41,100021),(294,78,100043),(295,41,100049),(296,67,100061),(297,86,100065),(298,90,100118),(299,15,100225),(300,29,100229),(301,28,100232),(302,66,100258),(303,75,100285),(304,72,100346),(305,65,100347),(306,44,100348),(307,32,100385),(308,92,100387),(309,32,100457),(310,68,100501),(311,60,100511),(312,7,100534),(313,45,100555),(314,89,100560),(315,65,100601),(316,53,100707),(317,30,100741),(318,82,10076),(319,31,100779),(320,99,100781),(321,36,100782),(322,82,100797),(323,63,100799),(324,28,100807),(325,0,100808),(326,90,100809),(327,17,100825),(328,22,100830),(329,99,100851),(330,86,100914),(331,30,100998),(332,15,101109),(333,91,101318),(334,74,101386),(335,45,101389),(336,33,101425),(337,15,101437),(338,11,101446),(339,55,101451),(340,26,101454),(341,24,101461),(342,65,101462),(343,45,101464),(344,48,101607),(345,83,101612),(346,31,10169),(347,79,10171),(348,8,10236),(349,93,10237),(350,72,102515),(351,11,102520),(352,2,102870),(353,88,103101),(354,9,103586),(355,56,103589),(356,69,103593),(357,87,104050),(358,20,104170),(359,10,104212),(360,85,104336),(361,44,104339),(362,20,104345),(363,92,104346),(364,59,105040),(365,36,105041),(366,80,105199),(367,91,106311),(368,12,106412),(369,62,106455),(370,96,108057),(371,24,108222),(372,50,108618),(373,24,108684),(374,49,108686),(375,30,108740),(376,85,108852),(377,60,108853),(378,0,109006),(379,56,109083),(380,52,109216),(381,83,109223),(382,3,109251),(383,24,110001),(384,78,11002),(385,79,110032),(386,19,110034),(387,19,110045),(388,47,110067),(389,93,110070),(390,88,110082),(391,44,110084),(392,1,110144),(393,73,110156),(394,20,110285),(395,51,110299),(396,92,110421),(397,37,110422),(398,18,110439),(399,68,110440),(400,21,11046),(401,13,110482),(402,79,110484),(403,37,110530),(404,0,110569),(405,17,11071),(406,81,110803),(407,16,110934),(408,57,110968),(409,46,11163),(410,59,11164),(411,30,111698),(412,46,111716),(413,69,111723),(414,28,11222),(415,91,112555),(416,60,112556),(417,45,112561),(418,40,112920),(419,96,11300),(420,56,11301),(421,60,113209),(422,20,113510),(423,89,11500),(424,3,118018),(425,19,118421),(426,25,118433),(427,59,119092),(428,83,120059),(429,67,120081),(430,41,120109),(431,63,120115),(432,61,120132),(433,10,120152),(434,28,120170),(435,24,120171),(436,73,120192),(437,97,120778),(438,20,120807),(439,55,120808),(440,29,12121),(441,27,124705),(442,3,125000),(443,72,125039),(444,99,128962),(445,8,130005),(446,23,130151),(447,83,130152),(448,55,130153),(449,7,130224),(450,92,130227),(451,45,130233),(452,18,130234),(453,29,130300),(454,63,130500),(455,50,130520),(456,74,130685),(457,32,130720),(458,35,130721),(459,51,130752),(460,58,130903),(461,85,130905),(462,18,131096),(463,36,131200),(464,16,131303),(465,56,131304),(466,89,131305),(467,7,131306),(468,44,131317),(469,52,131377),(470,93,131385),(471,70,131418),(472,67,131539),(473,89,131543),(474,45,131622),(475,89,131624),(476,3,131663),(477,77,131693),(478,26,131694),(479,78,131700),(480,91,131920),(481,25,131921),(482,36,131922),(483,41,131923),(484,65,132160),(485,39,132327),(486,45,132328),(487,17,132370),(488,24,132371),(489,78,132384),(490,66,13255),(491,77,132616),(492,18,132661),(493,50,13271),(494,51,13291),(495,91,134812),(496,49,134844),(497,35,134845),(498,8,135015),(499,62,135107),(500,72,135430),(501,95,135431),(502,18,135548),(503,73,135583),(504,52,135717),(505,56,135720),(506,26,135723),(507,56,135740),(508,62,136035),(509,39,136044),(510,20,136045),(511,17,136107),(512,2,136420),(513,77,136442),(514,55,136486),(515,45,140018),(516,62,140110),(517,98,140128),(518,52,140131),(519,31,140132),(520,46,140258),(521,96,140373),(522,72,140397),(523,69,140458),(524,76,140502),(525,13,140555),(526,82,140593),(527,22,140595),(528,6,140600),(529,40,140633),(530,16,140640),(531,18,140641),(532,83,140916),(533,90,141050),(534,31,141080),(535,54,141784),(536,59,141785),(537,8,141786),(538,12,141788),(539,35,142102),(540,57,142475),(541,98,142550),(542,21,144156),(543,56,144174),(544,50,144178),(545,14,144189),(546,41,144190),(547,24,144194),(548,20,144195),(549,27,144196),(550,10,145130),(551,21,145145),(552,8,145747),(553,29,146751),(554,41,146766),(555,50,147240),(556,49,147702),(557,26,147762),(558,82,147770),(559,81,147780),(560,0,148837),(561,91,150003),(562,88,150010),(563,16,150032),(564,29,150036),(565,93,150096),(566,80,150100),(567,35,150102),(568,3,150103),(569,45,150118),(570,90,150122),(571,94,150127),(572,48,150152),(573,17,150157),(574,31,150160),(575,35,150168),(576,34,150170),(577,0,150174),(578,36,150185),(579,64,150188),(580,4,150193),(581,81,150197),(582,54,151741),(583,28,151807),(584,18,151808),(585,0,151824),(586,15,151825),(587,79,151842),(588,54,151843),(589,68,151955),(590,91,152123),(591,6,152522),(592,32,152545),(593,43,152551),(594,91,152555),(595,62,152559),(596,46,152561),(597,61,152566),(598,11,152571),(599,45,152572),(600,57,152573),(601,12,152580),(602,32,152581),(603,78,152582),(604,86,152615),(605,90,153525),(606,69,155422),(607,58,155577),(608,61,156535),(609,77,158471),(610,14,160006),(611,68,160020),(612,48,160024),(613,70,160031),(614,26,160032),(615,61,160033),(616,93,160034),(617,26,160035),(618,39,160036),(619,7,160038),(620,94,160040),(621,46,160041),(622,71,160065),(623,18,160071),(624,26,160072),(625,40,160077),(626,91,160102),(627,19,160107),(628,86,160108),(629,84,160109),(630,85,160110),(631,12,160111),(632,89,160115),(633,53,160120),(634,68,160122),(635,91,160124),(636,72,160180),(637,28,160187),(638,14,160202),(639,82,160203),(640,34,160227),(641,88,160228),(642,9,160235),(643,65,160264),(644,32,160293),(645,58,160294),(646,63,160295),(647,44,160296),(648,49,160317),(649,39,160318),(650,97,162967),(651,59,162968),(652,22,165122),(653,91,165124),(654,78,165125),(655,12,165140),(656,13,165141),(657,88,165169),(658,55,165174),(659,63,170113),(660,22,170173),(661,59,170174),(662,69,170175),(663,98,170181),(664,23,170187),(665,74,170192),(666,65,172581),(667,10,174660),(668,15,176096),(669,64,176929),(670,89,177244),(671,85,177245),(672,97,177247),(673,77,179631),(674,70,179632),(675,30,179633),(676,81,180053),(677,56,180097),(678,54,180099),(679,56,180115),(680,9,180127),(681,51,180171),(682,54,180231),(683,43,180617),(684,78,180636),(685,92,180750),(686,44,180911),(687,12,181014),(688,6,181016),(689,34,181050),(690,93,181060),(691,16,181106),(692,61,181110),(693,47,181625),(694,66,181810),(695,70,182085),(696,46,182151),(697,38,183030),(698,12,183035),(699,18,183042),(700,34,183043),(701,52,183201),(702,65,183205),(703,79,190010),(704,50,190013),(705,83,190020),(706,46,190022),(707,15,190029),(708,19,190030),(709,40,190031),(710,0,190032),(711,14,190053),(712,86,190091),(713,11,190098),(714,81,190099),(715,60,190161),(716,45,190242),(717,62,190335),(718,9,190460),(719,93,191027),(720,44,191030),(721,43,194590),(722,3,194591),(723,17,194820),(724,75,195364),(725,79,195370),(726,14,197710),(727,58,198245),(728,40,198436),(729,87,198500),(730,50,198505),(731,51,198507),(732,73,198612),(733,77,198622),(734,19,200017),(735,30,200018),(736,98,200036),(737,32,200039),(738,1,200046),(739,94,200047),(740,62,200051),(741,77,200091),(742,63,200098),(743,85,200101),(744,16,200105),(745,13,200109),(746,1,200110),(747,75,200111),(748,5,200115),(749,31,200119),(750,50,200130),(751,33,200131),(752,9,200140),(753,37,200145),(754,21,200184),(755,84,200192),(756,96,20020),(757,95,200204),(758,4,200212),(759,71,200214),(760,70,200228),(761,11,200229),(762,64,200242),(763,92,200243),(764,49,20025),(765,5,20026),(766,3,200268),(767,15,200269),(768,98,200312),(769,34,200313),(770,89,200317),(771,29,200326),(772,41,200328),(773,93,200329),(774,45,200340),(775,33,200343),(776,21,200344),(777,7,200355),(778,52,200368),(779,49,200393),(780,93,200394),(781,82,200400),(782,83,200402),(783,11,200412),(784,91,200436),(785,1,200439),(786,37,200447),(787,90,200448),(788,10,200456),(789,34,200463),(790,51,200600),(791,66,200603),(792,36,200606),(793,36,200609),(794,64,200616),(795,38,20062),(796,85,200620),(797,0,200633),(798,17,200634),(799,79,200640),(800,71,200642),(801,86,200654),(802,83,200670),(803,83,200671),(804,97,20068),(805,33,200703),(806,69,200705),(807,54,200708),(808,9,200710),(809,29,200750),(810,51,200751),(811,97,200836),(812,59,200837),(813,6,200855),(814,92,200878),(815,31,200880),(816,80,200883),(817,42,200887),(818,78,200888),(819,69,200896),(820,27,200897),(821,70,200920),(822,4,200941),(823,15,200943),(824,61,200947),(825,17,200965),(826,24,200990),(827,3,20100),(828,27,201003),(829,18,201014),(830,49,201026),(831,92,201075),(832,32,201076),(833,53,201086),(834,57,201087),(835,19,201275),(836,83,201280),(837,91,201288),(838,12,20129),(839,72,20131),(840,38,20152),(841,52,20154),(842,85,201557),(843,72,201558),(844,6,20231),(845,43,20233),(846,80,202400),(847,77,202470),(848,92,20248),(849,34,20252),(850,97,20302),(851,42,203022),(852,11,203024),(853,6,203060),(854,49,20355),(855,75,20357),(856,10,20364),(857,59,20369),(858,65,20370),(859,95,20380),(860,68,20381),(861,92,20385),(862,88,20386),(863,74,20387),(864,17,20395),(865,84,20396),(866,82,20400),(867,73,204110),(868,75,204130),(869,16,204131),(870,2,204134),(871,94,204135),(872,11,20426),(873,59,20500),(874,59,20758),(875,97,20795),(876,11,20796),(877,32,20800),(878,63,20801),(879,94,20802),(880,18,210013),(881,21,210024),(882,30,210096),(883,98,210097),(884,20,210158),(885,7,210168),(886,73,210173),(887,34,210174),(888,64,210330),(889,68,210342),(890,91,210380),(891,40,210381),(892,96,210398),(893,0,210399),(894,4,210444),(895,28,210448),(896,10,210460),(897,99,211152),(898,16,211155),(899,29,211186),(900,65,211190),(901,95,211194),(902,0,211198),(903,15,211238),(904,9,211240),(905,57,211242),(906,75,211243),(907,7,211342),(908,91,211590),(909,5,211592),(910,42,21200),(911,3,212607),(912,40,212612),(913,66,212613),(914,26,212616),(915,41,212617),(916,29,212650),(917,84,212652),(918,21,212656),(919,34,213302),(920,28,213303),(921,24,213304),(922,97,213305),(923,68,213310),(924,13,213315),(925,9,213325),(926,9,213345),(927,76,213351),(928,56,213352),(929,72,213353),(930,64,213355),(931,44,213358),(932,14,213360),(933,86,213363),(934,13,213364),(935,53,213366),(936,63,213368),(937,56,213378),(938,95,213382),(939,45,213383),(940,66,213385),(941,28,213387),(942,56,213625),(943,12,213751),(944,47,213804),(945,63,213835),(946,80,213846),(947,16,213860),(948,56,213865),(949,88,213942),(950,60,214110),(951,19,214115),(952,5,214125),(953,99,214130),(954,3,214134),(955,55,214138),(956,41,214140),(957,5,214337),(958,79,214405),(959,43,214413),(960,76,214415),(961,71,214450),(962,43,214455),(963,55,214473),(964,41,21474),(965,25,21476),(966,54,21479),(967,60,21480),(968,66,21488),(969,97,21497),(970,27,21499),(971,9,21506),(972,50,21510),(973,14,21513),(974,99,21518),(975,80,215520),(976,56,215532),(977,69,215533),(978,9,215534),(979,19,215538),(980,38,215539),(981,82,215541),(982,29,215542),(983,96,215548),(984,60,215549),(985,20,215578),(986,34,215603),(987,16,215604),(988,2,215640),(989,48,215641),(990,89,215642),(991,36,215643),(992,9,215644),(993,0,21566),(994,23,215662),(995,3,215664),(996,5,215666),(997,37,215668),(998,46,21567),(999,84,215670),(1000,73,215672),(1001,98,215676),(1002,97,215677),(1003,89,21569),(1004,48,21646),(1005,32,21649),(1006,9,21659),(1007,15,217015),(1008,54,217026),(1009,80,21810),(1010,72,21816),(1011,57,218518),(1012,84,21863),(1013,14,21878),(1014,66,21879),(1015,78,21880),(1016,96,21894),(1017,93,21895),(1018,66,21896),(1019,43,21901),(1020,28,219015),(1021,23,219026),(1022,4,219036),(1023,25,21933),(1024,89,21937),(1025,53,220018),(1026,78,220032),(1027,67,22006),(1028,93,22015),(1029,45,22022),(1030,94,22031),(1031,66,22032),(1032,27,22055),(1033,78,22078),(1034,70,22084),(1035,55,22218),(1036,41,22251),(1037,31,22260),(1038,63,22261),(1039,4,22393),(1040,28,22394),(1041,0,224232),(1042,24,224233),(1043,24,224239),(1044,10,224242),(1045,37,22427),(1046,30,22428),(1047,93,225515),(1048,97,225528),(1049,79,225530),(1050,61,225533),(1051,70,225534),(1052,71,22760),(1053,75,22778),(1054,12,22795),(1055,71,22800),(1056,55,22823),(1057,9,22824),(1058,80,22829),(1059,93,22831),(1060,4,22850),(1061,31,230000),(1062,1,231613),(1063,50,232111),(1065,22,232125),(1066,58,232126),(1067,35,232127),(1068,64,232130),(1069,42,23418),(1070,47,23434),(1071,0,23435),(1072,17,23436),(1073,59,23804),(1074,34,23806),(1075,78,23807),(1076,20,23815),(1077,64,23925),(1078,32,23926),(1079,52,23946),(1080,48,23971),(1081,35,23982),(1082,48,23986),(1083,38,23987),(1084,60,240006),(1085,41,24001),(1086,44,240092),(1087,92,24015),(1088,58,240162),(1089,20,240228),(1090,0,240239),(1091,64,240240),(1092,4,240243),(1093,76,240251),(1094,85,240269),(1095,61,240284),(1096,73,240291),(1097,36,240631),(1098,13,240633),(1099,40,240637),(1100,77,240640),(1101,73,240644),(1102,29,240645),(1103,79,240648),(1104,93,240925),(1105,90,241340),(1106,10,241364),(1107,3,241495),(1108,55,24150),(1109,7,241518),(1110,99,241526),(1111,5,241535),(1112,33,24155),(1113,17,24156),(1114,70,24170),(1115,57,24171),(1116,48,24191),(1117,26,24195),(1118,67,24197),(1119,35,24199),(1120,95,24204),(1121,49,24205),(1122,18,24208),(1123,63,24212),(1124,16,24215),(1125,44,24227),(1126,7,24271),(1127,45,24401),(1128,99,24402),(1129,66,24406),(1130,38,24713),(1131,17,24740),(1132,39,24801),(1133,99,248017),(1134,62,24802),(1135,70,248524),(1136,11,248530),(1137,68,248580),(1138,86,250061),(1139,94,250062),(1140,67,250344),(1141,27,251445),(1142,29,251495),(1143,92,252015),(1144,23,25506),(1145,97,25511),(1146,91,25514),(1147,96,25601),(1148,48,25735),(1149,15,25739),(1150,21,25748),(1151,30,25830),(1152,51,25845),(1153,78,25847),(1154,73,26000),(1155,80,260079),(1156,5,260239),(1157,8,260250),(1158,44,260251),(1159,22,260255),(1160,81,260507),(1161,31,260508),(1162,30,260516),(1163,65,260522),(1164,37,26094),(1165,24,260971),(1166,2,261080),(1167,94,261170),(1168,16,261173),(1169,28,261174),(1170,75,261175),(1171,59,261180),(1172,80,261184),(1173,36,26515),(1174,21,26518);
/*!40000 ALTER TABLE `inventory` ENABLE KEYS */;
UNLOCK TABLES;

--
-- Table structure for table `label`
--

DROP TABLE IF EXISTS `label`;
/*!40101 SET @saved_cs_client     = @@character_set_client */;
/*!50503 SET character_set_client = utf8mb4 */;
CREATE TABLE `label` (
  `label_id` int NOT NULL AUTO_INCREMENT,
  `label_name` varchar(256) CHARACTER SET utf8mb4 COLLATE utf8mb4_unicode_ci NOT NULL,
  `label_image` varchar(256) CHARACTER SET utf8mb4 COLLATE utf8mb4_unicode_ci DEFAULT NULL,
  PRIMARY KEY (`label_id`)
) ENGINE=InnoDB AUTO_INCREMENT=9002 DEFAULT CHARSET=utf8mb4 COLLATE=utf8mb4_unicode_ci;
/*!40101 SET character_set_client = @saved_cs_client */;

--
-- Dumping data for table `label`
--

LOCK TABLES `label` WRITE;
/*!40000 ALTER TABLE `label` DISABLE KEYS */;
INSERT INTO `label` VALUES (4,'Ecocert','https://d15493jtiio2fp.cloudfront.net/product/labels/4-64.webp'),(5,'Økologi','https://d15493jtiio2fp.cloudfront.net/product/labels/5-64.webp'),(6,'Økologi','https://d15493jtiio2fp.cloudfront.net/product/labels/6-64.webp'),(9,'MSC','https://d15493jtiio2fp.cloudfront.net/product/labels/9-64.webp'),(31,'Ikke tilsat sukker','https://d15493jtiio2fp.cloudfront.net/product/labels/31-64.webp'),(37,'Laktose fri','https://d15493jtiio2fp.cloudfront.net/product/labels/37-64.webp'),(38,'Gluten fri','https://d15493jtiio2fp.cloudfront.net/product/labels/38-64.webp'),(39,'Gram slot','https://d15493jtiio2fp.cloudfront.net/product/labels/39-64.webp'),(40,'Nøglehul','https://d15493jtiio2fp.cloudfront.net/product/labels/40-64.webp'),(41,'Fairtrade','https://d15493jtiio2fp.cloudfront.net/product/labels/41-64.webp'),(42,'Svanemærket','https://d15493jtiio2fp.cloudfront.net/product/labels/42-64.webp'),(43,'Fuldkorn','https://d15493jtiio2fp.cloudfront.net/product/labels/43-64.webp'),(57,'Ecolabel','https://d15493jtiio2fp.cloudfront.net/product/labels/57-64.webp'),(70,'Dansk','https://d15493jtiio2fp.cloudfront.net/product/labels/70-64.webp'),(87,'Asthma Allergy Nordic','https://d15493jtiio2fp.cloudfront.net/product/labels/87-64.webp'),(95,'Rainforest Alliance','https://d15493jtiio2fp.cloudfront.net/product/labels/95-64.webp'),(201,'Bedre dyrevelfærd 1','https://d15493jtiio2fp.cloudfront.net/product/labels/201-64.webp'),(202,'Bedre dyrevelfærd 2','https://d15493jtiio2fp.cloudfront.net/product/labels/202-64.webp'),(203,'Bedre dyrevelfærd 3','https://d15493jtiio2fp.cloudfront.net/product/labels/203-64.webp');
/*!40000 ALTER TABLE `label` ENABLE KEYS */;
UNLOCK TABLES;

--
-- Table structure for table `order`
--

DROP TABLE IF EXISTS `order`;
/*!40101 SET @saved_cs_client     = @@character_set_client */;
/*!50503 SET character_set_client = utf8mb4 */;
CREATE TABLE `order` (
  `order_id` int NOT NULL AUTO_INCREMENT,
  `customer_id` int NOT NULL,
  `order_date` date NOT NULL,
  `address_id` int NOT NULL,
  PRIMARY KEY (`order_id`),
  KEY `address_id` (`address_id`),
  KEY `customer_id` (`customer_id`),
  CONSTRAINT `Order_address_id_fkey` FOREIGN KEY (`address_id`) REFERENCES `address` (`address_id`) ON DELETE RESTRICT ON UPDATE CASCADE,
  CONSTRAINT `Order_customer_id_fkey` FOREIGN KEY (`customer_id`) REFERENCES `customer` (`customer_id`) ON DELETE RESTRICT ON UPDATE CASCADE
) ENGINE=InnoDB DEFAULT CHARSET=utf8mb4 COLLATE=utf8mb4_unicode_ci;
/*!40101 SET character_set_client = @saved_cs_client */;

--
-- Dumping data for table `order`
--

LOCK TABLES `order` WRITE;
/*!40000 ALTER TABLE `order` DISABLE KEYS */;
/*!40000 ALTER TABLE `order` ENABLE KEYS */;
UNLOCK TABLES;

--
-- Table structure for table `order_item`
--

DROP TABLE IF EXISTS `order_item`;
/*!40101 SET @saved_cs_client     = @@character_set_client */;
/*!50503 SET character_set_client = utf8mb4 */;
CREATE TABLE `order_item` (
  `item_id` int NOT NULL AUTO_INCREMENT,
  `order_id` int NOT NULL,
  `product_id` int NOT NULL,
  `quantity` int NOT NULL,
  `unit_price_at_purchase` double DEFAULT NULL,
  PRIMARY KEY (`item_id`),
  KEY `order_id` (`order_id`),
  KEY `product_id` (`product_id`),
  CONSTRAINT `Order_item_order_id_fkey` FOREIGN KEY (`order_id`) REFERENCES `order` (`order_id`) ON DELETE RESTRICT ON UPDATE CASCADE,
  CONSTRAINT `Order_item_product_id_fkey` FOREIGN KEY (`product_id`) REFERENCES `product` (`product_id`) ON DELETE RESTRICT ON UPDATE CASCADE
) ENGINE=InnoDB DEFAULT CHARSET=utf8mb4 COLLATE=utf8mb4_unicode_ci;
/*!40101 SET character_set_client = @saved_cs_client */;

--
-- Dumping data for table `order_item`
--

LOCK TABLES `order_item` WRITE;
/*!40000 ALTER TABLE `order_item` DISABLE KEYS */;
/*!40000 ALTER TABLE `order_item` ENABLE KEYS */;
UNLOCK TABLES;

--
-- Table structure for table `price`
--

DROP TABLE IF EXISTS `price`;
/*!40101 SET @saved_cs_client     = @@character_set_client */;
/*!50503 SET character_set_client = utf8mb4 */;
CREATE TABLE `price` (
  `price_id` int NOT NULL AUTO_INCREMENT,
  `price` double NOT NULL,
  `starting_at` date NOT NULL,
  `is_campaign` tinyint(1) NOT NULL,
  `ending_at` date DEFAULT NULL,
  `product_id` int NOT NULL,
  PRIMARY KEY (`price_id`),
  KEY `product_id` (`product_id`),
  CONSTRAINT `Price_product_id_fkey` FOREIGN KEY (`product_id`) REFERENCES `product` (`product_id`) ON DELETE RESTRICT ON UPDATE CASCADE
) ENGINE=InnoDB AUTO_INCREMENT=1326 DEFAULT CHARSET=utf8mb4 COLLATE=utf8mb4_unicode_ci;
/*!40101 SET character_set_client = @saved_cs_client */;

--
-- Dumping data for table `price`
--

LOCK TABLES `price` WRITE;
/*!40000 ALTER TABLE `price` DISABLE KEYS */;
INSERT INTO `price` VALUES (388,23.95,'2023-03-30',0,'2099-12-31',100004),(389,21.95,'2023-08-17',0,'2023-12-09',100021),(390,12,'2023-11-26',1,'2023-12-02',100043),(391,20,'2023-12-03',0,'2023-12-09',100043),(392,12,'2023-11-26',1,'2023-12-02',100049),(393,20,'2023-12-03',0,'2099-12-31',100049),(394,12,'2019-01-24',0,'2099-12-31',100061),(395,12.95,'2022-09-29',0,'2023-12-09',100065),(396,12,'2023-11-26',1,'2023-12-02',100118),(397,20,'2023-12-03',0,'2099-12-31',100118),(398,26.95,'2022-11-03',0,'2099-12-31',100225),(399,12,'2020-02-11',0,'2099-12-31',100229),(400,12,'2020-02-11',0,'2099-12-31',100232),(401,24.5,'2023-02-09',0,'2099-12-31',100258),(402,26.95,'2022-11-03',0,'2099-12-31',100285),(403,10.88,'2020-01-02',0,'2099-12-31',100346),(404,12,'2016-01-29',0,'2099-12-31',100347),(405,12,'2016-01-29',0,'2099-12-31',100348),(406,11.54,'2020-01-02',0,'2099-12-31',100385),(407,10.99,'2020-01-02',0,'2099-12-31',100387),(408,12.95,'2020-10-01',0,'2023-12-09',100457),(409,10,'2023-11-02',0,'2099-12-31',100501),(410,12.95,'2020-10-01',0,'2099-12-31',100511),(411,20.95,'2023-07-06',0,'2023-12-09',100534),(412,7.5,'2023-06-29',0,'2099-12-31',100555),(413,7.5,'2022-11-17',0,'2099-12-31',100560),(414,10,'2023-11-02',0,'2099-12-31',100601),(415,23.95,'2022-03-31',0,'2099-12-31',100707),(416,32.95,'2022-12-22',0,'2023-12-02',100741),(417,12,'2021-10-14',0,'2023-12-02',10076),(418,10,'2023-11-26',0,'2024-02-24',100779),(419,10,'2023-11-26',0,'2024-02-24',100781),(420,10,'2023-11-26',0,'2024-02-24',100782),(421,35.95,'2023-06-29',0,'2099-12-31',100797),(422,29.95,'2023-06-29',0,'2099-12-31',100799),(423,10,'2023-11-26',0,'2024-02-24',100807),(424,10,'2023-11-26',0,'2024-02-24',100808),(425,10,'2023-11-26',0,'2024-02-24',100809),(426,10,'2023-11-26',0,'2024-02-24',100825),(427,10,'2023-11-26',0,'2024-02-24',100830),(428,11.46,'2020-01-02',0,'2099-12-31',100851),(429,7.55,'2023-11-23',0,'2099-12-31',100914),(430,37.95,'2023-09-07',0,'2099-12-31',100998),(431,16.85,'2023-11-23',0,'2099-12-31',101109),(432,10,'2023-09-07',0,'2099-12-31',101318),(433,10,'2023-11-26',1,'2023-12-02',101386),(434,16.5,'2023-12-03',0,'2099-12-31',101386),(435,10,'2023-11-26',0,'2024-02-24',101389),(436,15,'2023-11-26',0,'2024-01-03',101425),(437,18.25,'2023-06-07',0,'2099-12-31',101437),(438,125,'2023-11-26',0,'2024-02-24',101446),(439,18.95,'2023-09-07',0,'2099-12-31',101451),(440,26.95,'2023-07-28',0,'2099-12-31',101454),(441,18.95,'2023-08-02',0,'2099-12-31',101461),(442,20,'2023-11-26',0,'2024-02-24',101462),(443,20,'2023-11-26',0,'2024-02-24',101464),(444,10,'2023-11-26',0,'2024-02-24',101607),(445,10,'2023-11-26',0,'2024-02-24',101612),(446,10,'2023-11-26',0,'2024-02-24',10169),(447,10,'2023-11-26',0,'2024-02-24',10171),(448,15,'2023-11-26',0,'2024-02-24',10236),(449,15,'2023-11-26',0,'2024-02-24',10237),(450,24.55,'2023-11-23',0,'2023-12-02',102515),(451,23.25,'2023-11-23',0,'2023-12-02',102520),(452,22.5,'2023-02-02',0,'2099-12-31',102870),(453,7.6,'2023-11-23',0,'2099-12-31',103101),(454,18.5,'2023-02-02',0,'2099-12-31',103586),(455,18.5,'2023-02-02',0,'2099-12-31',103589),(456,18.5,'2023-02-02',0,'2099-12-31',103593),(457,14,'2023-11-26',1,'2023-12-02',104050),(458,23.95,'2023-12-03',0,'2023-12-26',104050),(459,14,'2023-11-26',1,'2023-12-02',104170),(460,23.95,'2023-12-03',0,'2023-12-26',104170),(461,14,'2023-11-26',1,'2023-12-02',104212),(462,23.95,'2023-12-03',0,'2023-12-26',104212),(463,11.5,'2023-08-17',0,'2099-12-31',104336),(464,13.5,'2022-10-20',0,'2099-12-31',104339),(465,12.5,'2022-11-10',0,'2099-12-31',104345),(466,12.5,'2022-11-10',0,'2099-12-31',104346),(467,23.95,'2023-03-30',0,'2099-12-31',105040),(468,23.95,'2023-03-30',0,'2099-12-31',105041),(469,20.5,'2023-08-10',0,'2023-11-29',105199),(470,10.95,'2022-09-29',0,'2023-12-09',106311),(471,18.95,'2022-09-01',0,'2023-11-29',106412),(472,9.7,'2023-11-23',0,'2023-12-09',106455),(473,20.95,'2023-06-29',0,'2099-12-31',108057),(474,13.95,'2023-06-29',0,'2099-12-31',108222),(475,22.95,'2022-06-30',0,'2099-12-31',108618),(476,18.95,'2022-02-24',0,'2023-11-29',108684),(477,18.95,'2022-02-24',0,'2023-11-29',108686),(478,16.95,'2022-02-24',0,'2023-11-29',108740),(479,18.95,'2023-09-28',0,'2099-12-31',108852),(480,18.95,'2023-09-28',0,'2099-12-31',108853),(481,33.95,'2023-06-08',0,'2099-12-31',109006),(482,17.95,'2023-02-02',0,'2099-12-31',109083),(483,17.95,'2022-12-09',0,'2023-12-02',109216),(484,17.95,'2022-12-09',0,'2023-12-02',109223),(485,12,'2016-08-25',0,'2099-12-31',109251),(486,19.95,'2023-07-13',0,'2099-12-31',110001),(487,15.5,'2022-10-13',0,'2099-12-31',11002),(488,15.75,'2023-11-23',0,'2023-12-26',110032),(489,24.95,'2023-02-02',0,'2023-12-26',110034),(490,66.95,'2023-11-02',0,'2099-12-31',110045),(491,4.95,'2021-10-07',0,'2099-12-31',110067),(492,18.95,'2023-02-02',0,'2023-12-26',110070),(493,18.95,'2023-02-02',0,'2023-12-26',110082),(494,18.95,'2023-02-02',0,'2023-12-26',110084),(495,20,'2023-11-26',0,'2024-02-24',110144),(496,12.95,'2023-02-02',0,'2099-12-31',110156),(497,54.95,'2023-11-02',0,'2099-12-31',110285),(498,15.5,'2023-01-26',0,'2099-12-31',110299),(499,21.95,'2022-06-30',0,'2023-12-26',110421),(500,21.95,'2022-06-30',0,'2023-12-26',110422),(501,25.95,'2023-02-02',0,'2023-11-29',110439),(502,28.5,'2023-02-02',0,'2099-12-31',110440),(503,36.5,'2023-02-02',0,'2023-12-09',11046),(504,17.95,'2023-03-16',0,'2099-12-31',110482),(505,17.95,'2023-04-20',0,'2099-12-31',110484),(506,33.95,'2022-09-15',0,'2023-12-02',110530),(507,29.95,'2023-08-21',0,'2099-12-31',110569),(508,36.5,'2023-02-02',0,'2023-12-09',11071),(509,12.5,'2022-11-03',0,'2099-12-31',110803),(510,20,'2023-11-26',0,'2024-02-24',110934),(511,20,'2023-11-26',1,'2023-12-02',110968),(512,34.95,'2023-12-03',0,'2099-12-31',110968),(513,20,'2023-11-26',1,'2023-12-02',11163),(514,25,'2023-12-03',0,'2099-12-31',11163),(515,20,'2023-11-26',0,'2024-02-24',11164),(516,19.95,'2023-07-13',0,'2099-12-31',111698),(517,20,'2023-11-26',0,'2024-02-24',111716),(518,20,'2023-11-26',0,'2024-02-24',111723),(519,20,'2023-11-26',0,'2024-02-24',11222),(520,22.95,'2023-02-02',0,'2023-12-09',112555),(521,22.95,'2023-02-02',0,'2023-12-09',112556),(522,18.95,'2023-02-02',0,'2023-12-26',112561),(523,34.95,'2022-06-30',0,'2099-12-31',112920),(524,15,'2023-11-26',1,'2023-12-02',11300),(525,20,'2023-12-03',0,'2099-12-31',11300),(526,15,'2023-11-26',1,'2023-12-02',11301),(527,20,'2023-12-03',0,'2099-12-31',11301),(528,35.5,'2023-01-26',0,'2099-12-31',113209),(529,30.95,'2023-01-26',0,'2099-12-31',113510),(530,11,'2023-10-05',0,'2099-12-31',11500),(531,20,'2023-11-26',0,'2024-02-24',118018),(532,52.95,'2023-11-02',0,'2099-12-31',118421),(533,56.95,'2023-11-02',0,'2099-12-31',118433),(534,32.5,'2023-02-02',0,'2023-12-26',119092),(535,22.95,'2023-01-26',0,'2099-12-31',120059),(536,23.95,'2023-03-16',0,'2023-12-26',120081),(537,19.95,'2022-02-03',0,'2099-12-31',120109),(538,16.95,'2022-06-16',0,'2099-12-31',120115),(539,15,'2022-01-14',0,'2099-12-31',120132),(540,15.95,'2023-01-23',0,'2099-12-31',120152),(541,3.95,'2023-06-29',0,'2099-12-31',120170),(542,7.75,'2023-11-02',0,'2099-12-31',120171),(543,13.95,'2022-10-06',0,'2099-12-31',120192),(544,21.95,'2023-06-29',0,'2023-12-26',120778),(545,23.95,'2022-04-21',0,'2023-12-26',120807),(546,18.95,'2023-03-16',0,'2023-12-26',120808),(547,5.95,'2022-06-02',0,'2099-12-31',12121),(548,39.95,'2023-02-02',0,'2099-12-31',124705),(549,22.5,'2022-12-29',0,'2099-12-31',125000),(550,18,'2022-06-02',0,'2099-12-31',125039),(551,15.95,'2018-05-10',0,'2099-12-31',128962),(552,22,'2022-06-30',0,'2099-12-31',130005),(553,25,'2023-02-02',0,'2099-12-31',130151),(554,25,'2023-02-01',0,'2099-12-31',130152),(555,39,'2020-07-21',0,'2099-12-31',130153),(556,25,'2022-01-04',0,'2099-12-31',130224),(557,10.75,'2022-03-03',0,'2099-12-31',130227),(558,10,'2022-11-17',0,'2099-12-31',130233),(559,27,'2023-11-19',1,'2024-01-03',130234),(560,22,'2023-11-26',1,'2024-01-10',130300),(561,19,'2023-09-30',0,'2099-12-31',130500),(562,39,'2022-08-26',0,'2099-12-31',130520),(563,20,'2023-07-20',0,'2099-12-31',130685),(564,25,'2023-02-01',0,'2099-12-31',130720),(565,25,'2023-02-02',0,'2099-12-31',130721),(566,23.95,'2023-08-23',0,'2099-12-31',130752),(567,16.95,'2023-08-16',0,'2099-12-31',130903),(568,14,'2022-02-03',0,'2099-12-31',130905),(569,25,'2023-02-02',0,'2099-12-31',131096),(570,42,'2023-07-13',0,'2099-12-31',131200),(571,35,'2022-05-25',0,'2099-12-31',131303),(572,19,'2022-05-25',0,'2099-12-31',131304),(573,25,'2022-06-01',0,'2099-12-31',131305),(574,45,'2022-06-20',0,'2099-12-31',131306),(575,10,'2007-01-26',0,'2099-12-31',131317),(576,36.95,'2023-07-13',0,'2099-12-31',131377),(577,36.95,'2023-07-13',0,'2099-12-31',131385),(578,13.95,'2023-08-10',0,'2099-12-31',131418),(579,28,'2021-07-22',0,'2099-12-31',131539),(580,32,'2022-01-20',0,'2023-12-02',131543),(581,59,'2023-11-26',0,'2024-02-24',131622),(582,59,'2023-11-26',0,'2024-02-24',131624),(583,30,'2023-07-13',0,'2099-12-31',131663),(584,8.95,'2023-08-10',0,'2099-12-31',131693),(585,8.95,'2023-08-10',0,'2099-12-31',131694),(586,119,'2023-02-02',0,'2099-12-31',131700),(587,20,'2023-11-26',0,'2024-02-24',131920),(588,20,'2023-11-26',0,'2024-02-24',131921),(589,20,'2023-11-26',0,'2024-02-24',131922),(590,20,'2023-11-26',0,'2024-02-24',131923),(591,14,'2023-09-21',0,'2099-12-31',132160),(592,59,'2023-11-26',0,'2024-02-24',132327),(593,59,'2023-11-26',0,'2024-02-24',132328),(594,59,'2023-11-26',0,'2024-02-24',132370),(595,59,'2023-11-26',0,'2024-02-24',132371),(596,59,'2023-11-26',0,'2024-02-24',132384),(597,20,'2023-11-26',0,'2099-12-31',13255),(598,39.95,'2022-08-04',0,'2099-12-31',132616),(599,39.95,'2022-08-04',0,'2099-12-31',132661),(600,16.5,'2021-11-04',0,'2099-12-31',13271),(601,16,'2023-01-05',0,'2099-12-31',13291),(602,16,'2023-09-07',0,'2099-12-31',134812),(603,19.95,'2020-03-05',0,'2099-12-31',134844),(604,19.95,'2020-03-05',0,'2099-12-31',134845),(605,24.95,'2023-08-17',0,'2099-12-31',135015),(606,34,'2022-01-06',0,'2023-12-02',135107),(607,40.95,'2023-07-17',0,'2099-12-31',135430),(608,40.95,'2023-07-13',0,'2099-12-31',135431),(609,23.95,'2023-05-11',0,'2099-12-31',135548),(610,22.95,'2023-05-03',0,'2099-12-31',135583),(611,22,'2022-06-30',0,'2099-12-31',135717),(612,22,'2022-06-30',0,'2099-12-31',135720),(613,22,'2023-08-04',0,'2099-12-31',135723),(614,20,'2013-03-07',0,'2099-12-31',135740),(615,45.95,'2023-05-03',0,'2099-12-31',136035),(616,19.95,'2022-06-30',0,'2099-12-31',136044),(617,19.95,'2022-06-30',0,'2099-12-31',136045),(618,18.95,'2018-06-28',0,'2099-12-31',136107),(619,21.95,'2023-07-12',0,'2099-12-31',136420),(620,29.95,'2023-06-13',0,'2099-12-31',136442),(621,19.95,'2016-10-13',0,'2099-12-31',136486),(622,34.95,'2023-02-02',0,'2023-11-29',140018),(623,24.95,'2023-02-02',0,'2099-12-31',140110),(624,31.95,'2023-02-02',0,'2023-12-09',140128),(625,27.5,'2023-08-10',0,'2023-12-09',140131),(626,29.95,'2023-02-02',0,'2023-12-09',140132),(627,25.95,'2023-02-02',0,'2099-12-31',140258),(628,15.95,'2023-02-02',0,'2099-12-31',140373),(629,11.95,'2023-01-05',0,'2023-11-29',140397),(630,21.95,'2023-02-02',0,'2099-12-31',140458),(631,20.95,'2023-02-02',0,'2099-12-31',140502),(632,38.95,'2023-02-02',0,'2099-12-31',140555),(633,21.95,'2023-04-06',0,'2099-12-31',140593),(634,19.95,'2019-07-18',0,'2099-12-31',140595),(635,38.95,'2023-02-02',0,'2099-12-31',140600),(636,35.95,'2023-06-27',0,'2099-12-31',140633),(637,52.95,'2023-02-02',0,'2099-12-31',140640),(638,52.95,'2023-02-02',0,'2099-12-31',140641),(639,40.95,'2023-02-02',0,'2099-12-31',140916),(640,18.95,'2022-09-15',0,'2099-12-31',141050),(641,21.95,'2023-05-04',0,'2099-12-31',141080),(642,15,'2023-11-26',0,'2024-02-24',141784),(643,15,'2023-11-26',0,'2024-02-24',141785),(644,15,'2023-11-26',0,'2024-02-24',141786),(645,15,'2023-11-26',0,'2024-02-24',141788),(646,11.95,'2022-01-13',0,'2099-12-31',142102),(647,16.95,'2022-09-01',0,'2099-12-31',142475),(648,45.95,'2023-02-02',0,'2023-12-09',142550),(649,20,'2023-11-26',0,'2024-02-24',144156),(650,20,'2023-11-26',0,'2024-02-24',144174),(651,20,'2023-11-26',1,'2023-12-02',144178),(652,27.5,'2023-12-03',0,'2099-12-31',144178),(653,20,'2023-11-26',1,'2023-12-02',144189),(654,27.5,'2023-12-03',0,'2099-12-31',144189),(655,20,'2023-11-26',0,'2024-02-24',144190),(656,20,'2023-11-26',0,'2024-02-24',144194),(657,20,'2023-11-26',0,'2024-02-24',144195),(658,20,'2023-11-26',0,'2024-02-24',144196),(659,41.95,'2023-04-27',0,'2099-12-31',145130),(660,32.5,'2023-01-05',0,'2099-12-31',145145),(661,34.95,'2023-03-28',0,'2099-12-31',145747),(662,9.95,'2023-02-02',0,'2099-12-31',146751),(663,65.95,'2023-02-09',0,'2023-11-29',146766),(664,36.5,'2023-03-02',0,'2099-12-31',147240),(665,34,'2023-11-16',0,'2099-12-31',147702),(666,33.95,'2023-02-21',0,'2099-12-31',147762),(667,17.95,'2023-02-02',0,'2023-12-02',147770),(668,17.95,'2023-02-02',0,'2023-12-02',147780),(669,9.95,'2023-05-04',0,'2099-12-31',148837),(670,10,'2018-07-05',0,'2099-12-31',150003),(671,19.95,'2021-07-22',0,'2099-12-31',150010),(672,11.95,'2023-11-02',0,'2099-12-31',150032),(673,23.95,'2023-03-28',0,'2099-12-31',150036),(674,8.95,'2023-06-08',0,'2099-12-31',150096),(675,20,'2016-02-04',0,'2099-12-31',150100),(676,20,'2022-12-07',0,'2099-12-31',150102),(677,14.95,'2023-03-17',0,'2099-12-31',150103),(678,50.95,'2023-02-02',0,'2099-12-31',150118),(679,16.95,'2022-08-04',0,'2099-12-31',150122),(680,21.95,'2019-06-20',0,'2099-12-31',150127),(681,23.95,'2022-07-28',0,'2099-12-31',150152),(682,7.95,'2011-01-03',0,'2099-12-31',150157),(683,18.95,'2022-07-28',0,'2099-12-31',150160),(684,30.95,'2022-05-26',0,'2099-12-31',150168),(685,27.95,'2022-05-26',0,'2099-12-31',150170),(686,18.95,'2022-07-28',0,'2099-12-31',150174),(687,33.95,'2022-07-28',0,'2099-12-31',150185),(688,23.95,'2022-07-28',0,'2099-12-31',150188),(689,12.95,'2016-09-08',0,'2099-12-31',150193),(690,21.95,'2022-07-28',0,'2099-12-31',150197),(691,27.95,'2022-08-04',0,'2023-12-06',151741),(692,8.5,'2022-08-04',0,'2023-12-06',151807),(693,8.5,'2022-08-04',0,'2023-12-06',151808),(694,34.95,'2023-02-03',0,'2099-12-31',151824),(695,28.95,'2023-02-03',0,'2099-12-31',151825),(696,15,'2021-04-15',0,'2099-12-31',151842),(697,6.95,'2022-05-12',0,'2099-12-31',151843),(698,10,'2020-05-07',0,'2099-12-31',151955),(699,16.95,'2022-02-17',0,'2023-12-06',152123),(700,24.95,'2019-08-27',0,'2099-12-31',152522),(701,24.95,'2019-01-25',0,'2023-12-06',152545),(702,41.95,'2022-02-17',0,'2023-12-06',152551),(703,9.95,'2018-10-23',0,'2023-12-06',152555),(704,28.95,'2022-08-04',0,'2023-11-30',152559),(705,26.95,'2022-08-04',0,'2023-12-06',152561),(706,13.95,'2022-10-06',0,'2023-12-06',152566),(707,15.95,'2023-01-26',0,'2099-12-31',152571),(708,15.95,'2023-01-26',0,'2099-12-31',152572),(709,20,'2021-11-25',0,'2099-12-31',152573),(710,25,'2021-12-01',0,'2099-12-31',152580),(711,31.95,'2022-08-04',0,'2099-12-31',152581),(712,34.95,'2022-08-04',0,'2099-12-31',152582),(713,19.95,'2021-08-27',0,'2099-12-31',152615),(714,10,'2014-10-16',0,'2099-12-31',153525),(715,4.95,'2023-08-17',0,'2099-12-31',155422),(716,23.95,'2023-11-16',0,'2099-12-31',155577),(717,5.95,'2022-02-03',0,'2023-11-29',156535),(718,15.5,'2022-05-15',0,'2099-12-31',158471),(719,8,'2014-01-30',0,'2099-12-31',160006),(720,64.95,'2023-02-02',0,'2099-12-31',160020),(721,169.95,'2023-02-09',0,'2099-12-31',160024),(722,134.95,'2023-02-09',0,'2099-12-31',160031),(723,16.95,'2023-01-05',0,'2099-12-31',160032),(724,16.95,'2023-01-05',0,'2099-12-31',160033),(725,8,'2014-01-30',0,'2099-12-31',160034),(726,16.95,'2023-01-05',0,'2099-12-31',160035),(727,16.95,'2023-01-05',0,'2099-12-31',160036),(728,16.95,'2023-01-05',0,'2099-12-31',160038),(729,16.95,'2023-01-05',0,'2099-12-31',160040),(730,16.95,'2023-01-05',0,'2099-12-31',160041),(731,55.95,'2023-02-02',0,'2099-12-31',160065),(732,64.95,'2023-02-02',0,'2099-12-31',160071),(733,64.95,'2023-02-02',0,'2099-12-31',160072),(734,64.95,'2023-02-02',0,'2099-12-31',160077),(735,11.95,'2023-01-05',0,'2099-12-31',160102),(736,11.95,'2023-01-05',0,'2099-12-31',160107),(737,11.95,'2023-01-05',0,'2099-12-31',160108),(738,11.95,'2023-01-05',0,'2099-12-31',160109),(739,119.95,'2023-02-09',0,'2099-12-31',160110),(740,11.95,'2023-01-05',0,'2099-12-31',160111),(741,119.95,'2023-02-09',0,'2099-12-31',160115),(742,29.95,'2015-05-27',0,'2099-12-31',160120),(743,29.95,'2015-05-27',0,'2099-12-31',160122),(744,29.95,'2015-05-27',0,'2099-12-31',160124),(745,37.95,'2014-02-06',0,'2099-12-31',160180),(746,14.95,'2023-02-02',0,'2099-12-31',160187),(747,119.95,'2023-02-02',0,'2099-12-31',160202),(748,119.95,'2023-02-02',0,'2099-12-31',160203),(749,14.95,'2023-02-02',0,'2099-12-31',160227),(750,14.95,'2023-02-02',0,'2099-12-31',160228),(751,139.95,'2023-02-09',0,'2099-12-31',160235),(752,14.95,'2023-02-02',0,'2099-12-31',160264),(753,64.95,'2023-02-02',0,'2099-12-31',160293),(754,74.95,'2023-02-02',0,'2099-12-31',160294),(755,74.95,'2023-02-02',0,'2099-12-31',160295),(756,74.95,'2023-02-02',0,'2099-12-31',160296),(757,65,'2022-03-17',0,'2099-12-31',160317),(758,65,'2022-03-17',0,'2099-12-31',160318),(759,70,'2023-02-02',0,'2099-12-31',162967),(760,55.95,'2023-02-02',0,'2099-12-31',162968),(761,66,'2023-02-02',0,'2099-12-31',165122),(762,66,'2023-02-02',0,'2099-12-31',165124),(763,119.95,'2023-02-02',0,'2099-12-31',165125),(764,119.95,'2023-02-02',0,'2099-12-31',165140),(765,12.95,'2022-07-07',0,'2099-12-31',165141),(766,10.95,'2023-02-09',0,'2099-12-31',165169),(767,10.95,'2023-02-09',0,'2099-12-31',165174),(768,13.95,'2023-11-02',0,'2099-12-31',170113),(769,10.5,'2023-10-05',0,'2099-12-31',170173),(770,10.5,'2023-10-05',0,'2099-12-31',170174),(771,16.5,'2022-10-06',0,'2099-12-31',170175),(772,15.95,'2022-10-06',0,'2023-11-29',170181),(773,29.95,'2023-11-02',0,'2099-12-31',170187),(774,29.95,'2023-11-02',0,'2099-12-31',170192),(775,11.95,'2023-11-02',0,'2099-12-31',172581),(776,12.95,'2022-03-03',0,'2099-12-31',174660),(777,7.95,'2023-06-22',0,'2099-12-31',176096),(778,26.95,'2022-07-21',0,'2099-12-31',176929),(779,9.95,'2019-12-19',0,'2099-12-31',177244),(780,9.95,'2015-12-31',0,'2099-12-31',177245),(781,9.95,'2023-06-01',0,'2099-12-31',177247),(782,6,'2021-11-11',0,'2099-12-31',179631),(783,8,'2019-09-05',0,'2099-12-31',179632),(784,10,'2019-09-05',0,'2099-12-31',179633),(785,21.95,'2023-01-05',0,'2099-12-31',180053),(786,19.95,'2022-03-31',0,'2099-12-31',180097),(787,19.95,'2022-03-31',0,'2099-12-31',180099),(788,15.5,'2023-01-12',0,'2099-12-31',180115),(789,27.95,'2022-12-01',0,'2099-12-31',180127),(790,12.5,'2023-05-11',0,'2099-12-31',180171),(791,19.95,'2023-01-05',0,'2023-12-02',180231),(792,42.95,'2023-02-09',0,'2099-12-31',180617),(793,42.95,'2023-02-09',0,'2023-12-02',180636),(794,25,'2023-01-05',0,'2099-12-31',180750),(795,42.95,'2023-02-09',0,'2023-12-02',180911),(796,34.95,'2023-02-09',0,'2099-12-31',181014),(797,27.95,'2022-12-01',0,'2099-12-31',181016),(798,38.95,'2023-11-26',0,'2099-12-31',181050),(799,38.95,'2023-11-26',0,'2099-12-31',181060),(800,34.95,'2022-07-07',0,'2099-12-31',181106),(801,34.95,'2022-07-07',0,'2099-12-31',181110),(802,22.95,'2023-01-05',0,'2099-12-31',181625),(803,17.95,'2022-12-01',0,'2099-12-31',181810),(804,39.95,'2022-10-06',0,'2099-12-31',182085),(805,39.95,'2022-10-27',0,'2099-12-31',182151),(806,27.95,'2022-06-30',0,'2099-12-31',183030),(807,25,'2023-08-24',0,'2099-12-31',183035),(808,27.95,'2022-06-30',0,'2099-12-31',183042),(809,27.95,'2022-06-30',0,'2099-12-31',183043),(810,17.95,'2022-12-01',0,'2099-12-31',183201),(811,17.95,'2022-12-01',0,'2099-12-31',183205),(812,32.95,'2023-02-02',0,'2099-12-31',190010),(813,45.95,'2023-08-03',0,'2099-12-31',190013),(814,4.5,'2022-12-01',0,'2023-12-02',190020),(815,32.95,'2023-02-02',0,'2099-12-31',190022),(816,4.5,'2022-12-01',0,'2023-12-02',190029),(817,15.95,'2022-07-28',0,'2099-12-31',190030),(818,4.5,'2022-12-01',0,'2023-12-02',190031),(819,4.5,'2022-12-01',0,'2023-12-02',190032),(820,49.95,'2022-05-26',0,'2099-12-31',190053),(821,63.95,'2021-11-11',0,'2099-12-31',190091),(822,18.95,'2022-12-01',0,'2023-11-29',190098),(823,36.95,'2022-12-01',0,'2023-12-02',190099),(824,54.95,'2023-02-02',0,'2099-12-31',190161),(825,19.95,'2023-02-02',0,'2099-12-31',190242),(826,11.95,'2023-06-27',0,'2099-12-31',190335),(827,11.95,'2022-07-28',0,'2099-12-31',190460),(828,19.95,'2023-02-02',0,'2099-12-31',191027),(829,19.95,'2023-02-02',0,'2099-12-31',191030),(830,14.5,'2023-08-03',0,'2023-12-02',194590),(831,14.5,'2023-08-03',0,'2023-12-02',194591),(832,11.95,'2013-04-16',0,'2099-12-31',194820),(833,11.95,'2023-02-02',0,'2099-12-31',195364),(834,11.95,'2023-02-02',0,'2099-12-31',195370),(835,20.5,'2021-11-11',0,'2099-12-31',197710),(836,12.5,'2021-11-11',0,'2099-12-31',198245),(837,28.95,'2022-07-28',0,'2099-12-31',198436),(838,127.95,'2022-12-01',0,'2023-12-02',198500),(839,197.95,'2022-12-01',0,'2023-12-02',198505),(840,119.95,'2022-12-01',0,'2023-12-02',198507),(841,14.95,'2013-04-16',0,'2099-12-31',198612),(842,9.95,'2013-04-16',0,'2099-12-31',198622),(843,7,'2023-02-02',0,'2024-01-03',200017),(844,42,'2023-02-02',0,'2024-01-03',200018),(845,7.95,'2023-01-05',0,'2099-12-31',200036),(846,47.7,'2023-04-06',0,'2099-12-31',200039),(847,5,'2023-06-28',0,'2099-12-31',200046),(848,30,'2023-06-28',0,'2099-12-31',200047),(849,12.25,'2023-01-05',0,'2099-12-31',200051),(850,55.8,'2023-01-05',0,'2099-12-31',200091),(851,55.8,'2023-10-26',0,'2099-12-31',200098),(852,24,'2023-11-26',1,'2023-12-02',200101),(853,41.7,'2023-12-03',0,'2023-12-13',200101),(854,4.33,'2023-01-19',0,'2099-12-31',200105),(855,4,'2023-11-26',1,'2023-12-02',200109),(856,6.95,'2023-12-03',0,'2023-12-13',200109),(857,14.25,'2023-01-05',0,'2099-12-31',200110),(858,4,'2023-11-26',1,'2023-12-02',200111),(859,7.5,'2023-12-03',0,'2099-12-31',200111),(860,13.95,'2023-01-05',0,'2099-12-31',200115),(861,14.5,'2023-01-05',0,'2099-12-31',200119),(862,15,'2014-08-27',0,'2023-12-02',200130),(863,24,'2023-11-26',1,'2023-12-02',200131),(864,45,'2023-12-03',0,'2099-12-31',200131),(865,20,'2019-09-05',0,'2099-12-31',200140),(866,12,'2023-11-23',0,'2099-12-31',200145),(867,14.5,'2023-01-05',0,'2023-12-02',200184),(868,14.5,'2023-01-05',0,'2023-12-02',200192),(869,13.75,'2023-06-15',0,'2099-12-31',20020),(870,13.95,'2023-08-29',0,'2099-12-31',200204),(871,14.95,'2022-06-02',0,'2099-12-31',200212),(872,22.95,'2022-06-02',0,'2099-12-31',200214),(873,15,'2022-07-14',0,'2099-12-31',200228),(874,15,'2022-07-14',0,'2099-12-31',200229),(875,15,'2023-06-26',0,'2023-12-02',200242),(876,15,'2023-06-26',0,'2023-12-02',200243),(877,14.25,'2023-06-15',0,'2099-12-31',20025),(878,13.75,'2023-06-15',0,'2099-12-31',20026),(879,13.5,'2023-01-05',0,'2023-12-09',200268),(880,13.5,'2023-01-05',0,'2023-12-09',200269),(881,17.75,'2023-01-05',0,'2099-12-31',200312),(882,24,'2023-11-26',1,'2023-12-02',200313),(883,41.7,'2023-12-03',0,'2023-12-13',200313),(884,4,'2023-11-26',1,'2023-12-02',200317),(885,6.95,'2023-12-03',0,'2023-12-13',200317),(886,13.95,'2023-01-05',0,'2099-12-31',200326),(887,14,'2023-01-05',0,'2023-12-26',200328),(888,84,'2023-01-05',0,'2023-12-26',200329),(889,17.95,'2020-01-09',0,'2023-12-02',200340),(890,33,'2022-08-18',0,'2023-12-09',200343),(891,5.5,'2022-08-18',0,'2023-12-09',200344),(892,3,'2023-06-22',0,'2099-12-31',200355),(893,8.95,'2023-06-22',0,'2099-12-31',200368),(894,41.7,'2020-01-09',0,'2023-12-06',200393),(895,6.95,'2020-01-09',0,'2023-12-06',200394),(896,6.95,'2023-03-30',0,'2023-12-06',200400),(897,41.7,'2023-03-30',0,'2023-12-06',200402),(898,12.5,'2023-11-16',1,'2023-12-06',200412),(899,12.5,'2023-11-16',1,'2023-12-06',200436),(900,12.5,'2023-11-16',1,'2023-12-06',200439),(901,5,'2023-11-26',1,'2023-12-02',200447),(902,7,'2023-12-03',0,'2099-12-31',200447),(903,30,'2023-11-26',1,'2023-12-02',200448),(904,42,'2023-12-03',0,'2099-12-31',200448),(905,4.5,'2023-06-22',0,'2099-12-31',200456),(906,27,'2023-06-22',0,'2099-12-31',200463),(907,4,'2023-01-05',0,'2099-12-31',200600),(908,21,'2023-01-05',0,'2099-12-31',200603),(909,49.5,'2023-01-05',0,'2099-12-31',200606),(910,8.25,'2023-01-05',0,'2099-12-31',200609),(911,15,'2020-05-04',0,'2023-12-02',200616),(912,18.95,'2022-06-23',0,'2099-12-31',20062),(913,14.5,'2023-01-06',0,'2099-12-31',200620),(914,5,'2023-11-26',1,'2023-12-02',200633),(915,7,'2023-12-03',0,'2099-12-31',200633),(916,30,'2023-11-26',1,'2023-12-02',200634),(917,42,'2023-12-03',0,'2099-12-31',200634),(918,16.95,'2023-01-05',0,'2099-12-31',200640),(919,16.95,'2023-01-05',0,'2099-12-31',200642),(920,15,'2021-06-17',0,'2023-12-02',200654),(921,3.5,'2023-08-24',0,'2099-12-31',200670),(922,21,'2023-08-24',0,'2099-12-31',200671),(923,20,'2023-11-26',1,'2023-12-02',20068),(924,34.95,'2023-12-03',0,'2099-12-31',20068),(925,24,'2023-06-22',0,'2099-12-31',200703),(926,4,'2023-06-22',0,'2099-12-31',200705),(927,6,'2023-06-22',0,'2099-12-31',200708),(928,36,'2023-06-22',0,'2099-12-31',200710),(929,14.5,'2023-03-02',0,'2099-12-31',200750),(930,17.5,'2023-01-05',0,'2099-12-31',200751),(931,6.5,'2021-04-13',0,'2024-01-03',200836),(932,39,'2021-04-13',0,'2024-01-03',200837),(933,15,'2022-11-03',0,'2023-12-02',200855),(934,14,'2023-01-05',0,'2023-12-26',200878),(935,14,'2023-01-05',0,'2023-12-26',200880),(936,30,'2019-09-05',0,'2099-12-31',200883),(937,5,'2015-09-28',0,'2099-12-31',200887),(938,30,'2015-09-28',0,'2099-12-31',200888),(939,30,'2019-09-05',0,'2099-12-31',200896),(940,30,'2019-09-05',0,'2099-12-31',200897),(941,12.5,'2023-11-16',1,'2023-12-06',200920),(942,20,'2019-09-05',0,'2099-12-31',200941),(943,13.25,'2023-01-05',0,'2099-12-31',200943),(944,20,'2019-09-02',0,'2099-12-31',200947),(945,19.54,'2019-07-01',0,'2099-12-31',200965),(946,20,'2019-09-05',0,'2099-12-31',200990),(947,13.25,'2023-06-15',0,'2023-12-13',20100),(948,6.75,'2023-01-05',0,'2023-12-26',201003),(949,40.5,'2023-01-05',0,'2023-12-26',201014),(950,20.95,'2022-06-02',0,'2099-12-31',201026),(951,36,'2014-09-18',0,'2099-12-31',201075),(952,6,'2014-09-18',0,'2099-12-31',201076),(953,36,'2014-09-18',0,'2099-12-31',201086),(954,6,'2014-09-18',0,'2099-12-31',201087),(955,25,'2023-11-26',1,'2023-12-02',201275),(956,26.5,'2023-12-03',0,'2099-12-31',201275),(957,25,'2023-11-26',1,'2023-12-02',201280),(958,27.95,'2023-12-03',0,'2099-12-31',201280),(959,25,'2023-11-26',1,'2023-12-02',201288),(960,27.95,'2023-12-03',0,'2099-12-31',201288),(961,14.95,'2023-11-09',0,'2099-12-31',20129),(962,17.95,'2023-06-15',0,'2099-12-31',20131),(963,14.5,'2023-06-15',0,'2099-12-31',20152),(964,15.95,'2023-01-26',0,'2099-12-31',20154),(965,6.75,'2023-01-05',0,'2023-12-26',201557),(966,40.5,'2023-01-05',0,'2023-12-26',201558),(967,23.95,'2023-04-13',0,'2099-12-31',20231),(968,15.95,'2022-06-21',0,'2023-12-26',20233),(969,20.5,'2023-01-05',0,'2099-12-31',202400),(970,14.5,'2023-06-22',0,'2099-12-31',202470),(971,23.95,'2023-01-26',0,'2099-12-31',20248),(972,29.95,'2023-04-27',0,'2099-12-31',20252),(973,7.5,'2022-10-27',0,'2099-12-31',20302),(974,4,'2014-09-18',0,'2099-12-31',203022),(975,24,'2014-09-25',0,'2099-12-31',203024),(976,5.5,'2023-01-05',0,'2099-12-31',203060),(977,20,'2023-11-26',1,'2023-12-02',20355),(978,34.95,'2023-12-03',0,'2099-12-31',20355),(979,17.95,'2022-10-27',0,'2099-12-31',20357),(980,15.95,'2023-06-14',0,'2023-12-26',20364),(981,12.75,'2023-06-15',0,'2023-12-02',20369),(982,14.75,'2023-06-15',0,'2099-12-31',20370),(983,14.5,'2023-06-15',0,'2099-12-31',20380),(984,10,'2023-01-26',0,'2099-12-31',20381),(985,18.75,'2022-10-27',0,'2023-12-09',20385),(986,18.75,'2022-10-27',0,'2023-12-09',20386),(987,16.75,'2022-10-27',0,'2023-12-09',20387),(988,11.95,'2023-06-22',0,'2099-12-31',20395),(989,11.95,'2023-06-22',0,'2099-12-31',20396),(990,22.95,'2023-04-13',0,'2099-12-31',20400),(991,17.5,'2023-01-05',0,'2099-12-31',204110),(992,6.5,'2020-04-30',0,'2099-12-31',204130),(993,39,'2020-04-30',0,'2099-12-31',204131),(994,4,'2023-11-26',1,'2023-12-02',204134),(995,5,'2023-12-03',0,'2023-12-13',204134),(996,24,'2023-11-26',1,'2023-12-02',204135),(997,30,'2023-12-03',0,'2023-12-13',204135),(998,19.95,'2023-04-13',0,'2099-12-31',20426),(999,13.5,'2023-06-15',0,'2099-12-31',20500),(1000,3.75,'2022-10-27',0,'2099-12-31',20758),(1001,16.95,'2021-08-19',0,'2099-12-31',20795),(1002,16.95,'2022-11-21',0,'2099-12-31',20796),(1003,17.95,'2022-06-23',0,'2099-12-31',20800),(1004,17.95,'2022-06-23',0,'2099-12-31',20801),(1005,17.95,'2023-05-25',0,'2099-12-31',20802),(1006,6,'2020-01-02',0,'2099-12-31',210013),(1007,12.88,'2019-07-01',0,'2023-12-26',210024),(1008,6.3,'2023-01-05',0,'2023-12-26',210096),(1009,6.3,'2023-01-05',0,'2023-12-26',210097),(1010,6,'2020-01-02',0,'2099-12-31',210158),(1011,5,'2023-11-26',1,'2023-12-02',210168),(1012,6.5,'2023-12-03',0,'2099-12-31',210168),(1013,5,'2023-11-26',1,'2023-12-02',210173),(1014,6.5,'2023-12-03',0,'2099-12-31',210173),(1015,30,'2023-11-26',1,'2023-12-02',210174),(1016,39,'2023-12-03',0,'2099-12-31',210174),(1017,6.3,'2023-01-05',0,'2023-12-26',210330),(1018,14.95,'2020-10-01',0,'2023-12-26',210342),(1019,5,'2023-11-26',1,'2023-12-02',210380),(1020,6.5,'2023-12-03',0,'2099-12-31',210380),(1021,30,'2023-11-26',1,'2023-12-02',210381),(1022,39,'2023-12-03',0,'2024-02-24',210381),(1023,10,'2023-11-26',0,'2024-02-24',210398),(1024,10,'2023-11-26',0,'2024-02-24',210399),(1025,14.5,'2023-09-07',0,'2099-12-31',210444),(1026,14.5,'2023-09-07',0,'2099-12-31',210448),(1027,17.95,'2023-07-21',0,'2099-12-31',210460),(1028,3.25,'2023-06-22',0,'2023-11-29',211152),(1029,5.95,'2022-11-24',0,'2023-12-26',211155),(1030,18,'2023-01-05',0,'2099-12-31',211186),(1031,18,'2023-01-05',0,'2099-12-31',211190),(1032,18,'2023-08-23',0,'2099-12-31',211194),(1033,6.5,'2023-01-05',0,'2023-11-29',211198),(1034,18,'2023-01-05',0,'2099-12-31',211238),(1035,6.5,'2023-01-05',0,'2023-11-29',211240),(1036,39,'2023-01-05',0,'2023-11-29',211242),(1037,39,'2023-01-05',0,'2023-11-29',211243),(1038,17,'2022-12-08',0,'2099-12-31',211342),(1039,10,'2023-11-26',0,'2024-02-24',211590),(1040,10,'2023-11-26',0,'2024-02-24',211592),(1041,12.75,'2022-10-27',0,'2099-12-31',21200),(1042,17,'2023-01-05',0,'2099-12-31',212607),(1043,17,'2023-01-05',0,'2099-12-31',212612),(1044,3,'2023-11-16',1,'2024-01-01',212613),(1045,3,'2023-11-16',1,'2024-01-01',212616),(1046,3,'2023-11-16',1,'2024-01-01',212617),(1047,18,'2023-11-16',1,'2024-01-01',212650),(1048,18,'2023-11-16',1,'2024-01-01',212652),(1049,18,'2023-11-16',1,'2024-01-01',212656),(1050,3.65,'2023-06-22',0,'2023-12-09',213302),(1051,3.65,'2023-07-03',0,'2023-12-09',213303),(1052,21.9,'2023-07-03',0,'2023-12-09',213304),(1053,3.65,'2023-06-22',0,'2023-12-09',213305),(1054,3.65,'2023-06-22',0,'2023-12-09',213310),(1055,3.65,'2023-06-22',0,'2023-12-09',213315),(1056,3.65,'2023-06-22',0,'2023-12-09',213325),(1057,3.65,'2023-06-22',0,'2023-12-09',213345),(1058,21.9,'2023-06-22',0,'2023-12-09',213351),(1059,3.65,'2023-06-22',0,'2023-12-09',213352),(1060,21.9,'2023-06-22',0,'2023-12-09',213353),(1061,21.9,'2023-06-22',0,'2023-12-09',213355),(1062,21.9,'2023-06-22',0,'2023-12-09',213358),(1063,21.9,'2023-06-22',0,'2023-12-09',213360),(1064,3.65,'2023-06-22',0,'2023-12-09',213363),(1065,21.9,'2023-06-22',0,'2023-12-09',213364),(1066,21.9,'2023-06-22',0,'2023-12-09',213366),(1067,21.9,'2023-06-22',0,'2023-12-09',213368),(1068,3.65,'2023-06-22',0,'2023-12-09',213378),(1069,3.65,'2023-06-22',0,'2023-12-09',213382),(1070,21.9,'2023-06-22',0,'2023-12-09',213383),(1071,3.65,'2023-06-22',0,'2023-12-09',213385),(1072,21.9,'2023-06-22',0,'2023-12-09',213387),(1073,4.5,'2022-11-03',0,'2099-12-31',213625),(1074,12,'2023-01-05',0,'2099-12-31',213751),(1075,12,'2023-01-05',0,'2099-12-31',213804),(1076,17,'2023-01-05',0,'2023-12-16',213835),(1077,17,'2023-01-05',0,'2023-12-16',213846),(1078,17,'2023-01-05',0,'2023-12-16',213860),(1079,17,'2023-01-05',0,'2023-12-16',213865),(1080,15,'2023-11-26',1,'2023-12-02',213942),(1081,19,'2023-12-03',0,'2023-12-09',213942),(1082,4.95,'2023-01-05',0,'2099-12-31',214110),(1083,4.95,'2023-01-05',0,'2099-12-31',214115),(1084,2,'2023-11-26',1,'2023-12-02',214125),(1085,2.3,'2023-12-03',0,'2099-12-31',214125),(1086,2,'2023-11-26',1,'2023-12-02',214130),(1087,2.3,'2023-12-03',0,'2099-12-31',214130),(1088,2,'2023-11-26',1,'2023-12-02',214134),(1089,2.3,'2023-12-03',0,'2099-12-31',214134),(1090,2,'2023-11-27',0,'2024-02-24',214138),(1091,2,'2023-11-26',1,'2023-12-02',214140),(1092,2.3,'2023-12-03',0,'2099-12-31',214140),(1093,17,'2023-01-05',0,'2023-12-16',214337),(1094,15,'2023-11-26',1,'2023-12-02',214405),(1095,19,'2023-12-03',0,'2023-12-09',214405),(1096,15,'2023-11-26',1,'2023-12-02',214413),(1097,19,'2023-12-03',0,'2023-12-09',214413),(1098,15,'2023-11-26',1,'2023-12-02',214415),(1099,19,'2023-12-03',0,'2023-12-09',214415),(1100,6.5,'2023-01-05',0,'2023-11-29',214450),(1101,39,'2023-01-05',0,'2023-11-29',214455),(1102,15,'2023-11-26',1,'2023-12-02',214473),(1103,19,'2023-12-03',0,'2023-12-09',214473),(1104,15.75,'2023-06-15',0,'2023-12-09',21474),(1105,14.75,'2023-06-15',0,'2023-12-09',21476),(1106,16.75,'2023-06-15',0,'2023-12-09',21479),(1107,12.75,'2023-06-15',0,'2099-12-31',21480),(1108,4,'2022-10-27',0,'2099-12-31',21488),(1109,12.75,'2023-06-15',0,'2099-12-31',21497),(1110,13.75,'2023-06-15',0,'2099-12-31',21499),(1111,13.5,'2023-11-16',0,'2099-12-31',21506),(1112,10,'2023-11-26',1,'2023-12-02',21510),(1113,14.75,'2023-12-03',0,'2099-12-31',21510),(1114,12.75,'2023-06-15',0,'2099-12-31',21513),(1115,23.5,'2023-06-15',0,'2099-12-31',21518),(1116,9.75,'2019-08-22',0,'2099-12-31',215520),(1117,5,'2020-02-27',0,'2099-12-31',215532),(1118,5,'2020-02-27',0,'2099-12-31',215533),(1119,5,'2020-02-27',0,'2099-12-31',215534),(1120,30,'2020-02-27',0,'2099-12-31',215538),(1121,30,'2020-02-27',0,'2099-12-31',215539),(1122,30,'2020-02-27',0,'2099-12-31',215541),(1123,5.95,'2023-01-05',0,'2099-12-31',215542),(1124,4,'2023-01-05',0,'2099-12-31',215548),(1125,4,'2023-01-05',0,'2099-12-31',215549),(1126,15,'2023-11-23',0,'2099-12-31',215578),(1127,5,'2021-02-16',0,'2099-12-31',215603),(1128,30,'2021-02-16',0,'2099-12-31',215604),(1129,3.25,'2023-06-22',0,'2023-11-29',215640),(1130,3.25,'2023-06-22',0,'2023-11-29',215641),(1131,3.25,'2023-06-22',0,'2023-11-29',215642),(1132,3.25,'2023-06-22',0,'2023-11-29',215643),(1133,3.25,'2023-06-22',0,'2023-11-29',215644),(1134,20.95,'2022-06-09',0,'2099-12-31',21566),(1135,5.95,'2023-06-22',0,'2099-12-31',215662),(1136,5.95,'2023-06-22',0,'2099-12-31',215664),(1137,5.95,'2023-06-22',0,'2099-12-31',215666),(1138,5.95,'2023-06-22',0,'2099-12-31',215668),(1139,16.95,'2022-06-09',0,'2099-12-31',21567),(1140,5.95,'2023-06-22',0,'2099-12-31',215670),(1141,5.95,'2023-06-22',0,'2099-12-31',215672),(1142,5.95,'2023-06-22',0,'2099-12-31',215676),(1143,5.95,'2023-06-27',0,'2099-12-31',215677),(1144,20.95,'2022-06-09',0,'2099-12-31',21569),(1145,25.95,'2023-04-13',0,'2023-12-02',21646),(1146,23.95,'2023-03-16',0,'2023-12-02',21649),(1147,22.95,'2023-11-23',0,'2023-12-02',21659),(1148,15.95,'2022-06-30',0,'2023-12-26',217015),(1149,14.95,'2019-08-22',0,'2023-12-26',217026),(1150,14.25,'2023-06-15',0,'2023-12-09',21810),(1151,22.95,'2023-01-05',0,'2099-12-31',21816),(1152,14,'2023-06-22',0,'2099-12-31',218518),(1153,13.25,'2023-06-15',0,'2099-12-31',21863),(1154,12.75,'2023-06-15',0,'2099-12-31',21878),(1155,22.5,'2023-06-15',0,'2099-12-31',21879),(1156,15.75,'2023-06-15',0,'2099-12-31',21880),(1157,15.95,'2022-06-23',0,'2023-11-29',21894),(1158,15.95,'2022-06-23',0,'2023-11-29',21895),(1159,8.95,'2023-08-10',0,'2099-12-31',21896),(1160,7.75,'2023-06-15',0,'2099-12-31',21901),(1161,13.95,'2023-11-23',0,'2023-12-26',219015),(1162,10,'2022-03-02',0,'2023-12-26',219026),(1163,10,'2023-09-05',0,'2023-12-26',219036),(1164,17.5,'2023-06-22',0,'2023-12-02',21933),(1165,10.75,'2023-06-15',0,'2023-12-09',21937),(1166,25.95,'2022-04-28',0,'2099-12-31',220018),(1167,34.95,'2022-10-06',0,'2099-12-31',220032),(1168,18.25,'2023-11-23',0,'2099-12-31',22006),(1169,18.25,'2023-11-23',0,'2099-12-31',22015),(1170,21.5,'2023-04-13',0,'2099-12-31',22022),(1171,18.5,'2023-06-15',0,'2099-12-31',22031),(1172,14.75,'2023-06-15',0,'2099-12-31',22032),(1173,20.95,'2023-04-13',0,'2099-12-31',22055),(1174,12.95,'2023-10-19',0,'2099-12-31',22078),(1175,18.25,'2023-11-23',0,'2099-12-31',22084),(1176,13.9,'2023-11-23',0,'2099-12-31',22218),(1177,19.95,'2023-04-13',0,'2099-12-31',22251),(1178,19.95,'2023-04-13',0,'2099-12-31',22260),(1179,19.95,'2023-04-13',0,'2099-12-31',22261),(1180,17.95,'2022-06-09',0,'2099-12-31',22393),(1181,19.95,'2022-06-09',0,'2099-12-31',22394),(1182,14.95,'2022-05-26',0,'2099-12-31',224232),(1183,24.95,'2023-10-19',0,'2023-12-13',224233),(1184,27.25,'2022-10-06',0,'2099-12-31',224239),(1185,19.35,'2022-05-26',0,'2099-12-31',224242),(1186,5.95,'2022-01-06',0,'2099-12-31',22427),(1187,5.95,'2022-01-06',0,'2099-12-31',22428),(1188,31.9,'2023-11-23',0,'2099-12-31',225515),(1189,15.95,'2022-03-17',0,'2099-12-31',225528),(1190,15.95,'2022-03-17',0,'2099-12-31',225528),(1191,13.65,'2023-11-23',0,'2099-12-31',225530),(1192,11.95,'2021-12-02',0,'2099-12-31',225533),(1193,15.95,'2022-03-17',0,'2099-12-31',225534),(1194,10.5,'2023-06-15',0,'2099-12-31',22760),(1195,20,'2023-11-26',0,'2024-02-24',22778),(1196,16.95,'2023-02-22',0,'2099-12-31',22795),(1197,11.75,'2022-10-27',0,'2099-12-31',22800),(1198,23.95,'2023-04-13',0,'2099-12-31',22823),(1199,23.95,'2023-04-13',0,'2099-12-31',22824),(1200,23.95,'2023-04-13',0,'2099-12-31',22829),(1201,23.95,'2023-04-13',0,'2099-12-31',22831),(1202,23.95,'2023-04-13',0,'2099-12-31',22850),(1203,17.95,'2022-06-30',0,'2099-12-31',230000),(1204,16.95,'2022-06-02',0,'2099-12-31',231613),(1205,18.95,'2022-06-23',0,'2099-12-31',232111),(1206,24.95,'2023-01-19',0,'2099-12-31',232125),(1207,17.95,'2023-01-19',0,'2099-12-31',232126),(1208,14.95,'2023-01-19',0,'2099-12-31',232127),(1209,28.95,'2022-06-23',0,'2099-12-31',232130),(1210,10.75,'2023-06-15',0,'2099-12-31',23418),(1211,10,'2023-04-17',0,'2099-12-31',23434),(1212,10,'2023-04-17',0,'2099-12-31',23435),(1213,24.95,'2023-03-08',0,'2099-12-31',23436),(1214,13.95,'2022-04-28',0,'2099-12-31',23804),(1215,13.95,'2022-04-28',0,'2099-12-31',23806),(1216,12.95,'2022-04-28',0,'2099-12-31',23807),(1217,15.95,'2023-01-12',0,'2099-12-31',23815),(1218,10,'2020-03-30',0,'2099-12-31',23925),(1219,10,'2020-03-30',0,'2099-12-31',23926),(1220,20,'2023-11-26',1,'2023-12-02',23946),(1221,34.95,'2023-12-03',0,'2099-12-31',23946),(1222,12.95,'2022-01-27',0,'2099-12-31',23971),(1223,15.5,'2023-06-15',0,'2023-12-26',23982),(1224,13.15,'2023-11-23',0,'2023-12-26',23986),(1225,15.5,'2023-06-15',0,'2023-12-26',23987),(1226,10.95,'2023-07-27',0,'2099-12-31',240006),(1227,21.95,'2023-01-26',0,'2023-12-02',24001),(1228,10,'2023-11-26',1,'2023-12-02',240092),(1229,16.95,'2023-12-03',0,'2099-12-31',240092),(1230,29.95,'2023-04-27',0,'2099-12-31',24015),(1231,15,'2023-08-31',0,'2099-12-31',240162),(1232,15,'2023-08-31',0,'2099-12-31',240228),(1233,18.95,'2019-01-17',0,'2099-12-31',240239),(1234,18.95,'2017-02-23',0,'2099-12-31',240240),(1235,18.95,'2019-01-17',0,'2099-12-31',240243),(1236,18.95,'2019-02-14',0,'2099-12-31',240251),(1237,16.5,'2023-08-10',0,'2099-12-31',240269),(1238,33.95,'2023-11-26',0,'2099-12-31',240284),(1239,61.95,'2023-11-09',0,'2099-12-31',240291),(1240,25,'2023-11-26',0,'2024-02-24',240631),(1241,25,'2023-11-26',0,'2024-02-24',240633),(1242,31.73,'2017-12-14',0,'2099-12-31',240637),(1243,25,'2023-11-26',0,'2024-02-24',240640),(1244,25,'2023-11-26',1,'2023-12-02',240644),(1245,32.95,'2023-12-03',0,'2099-12-31',240644),(1246,25,'2023-11-26',0,'2024-02-24',240645),(1247,25,'2023-11-26',0,'2024-02-24',240648),(1248,22.95,'2023-02-02',0,'2099-12-31',240925),(1249,10,'2023-11-26',0,'2023-12-27',241340),(1250,10,'2023-11-26',0,'2023-12-27',241364),(1251,10,'2023-11-26',1,'2023-12-02',241495),(1252,16.95,'2023-12-03',0,'2099-12-31',241495),(1253,2.35,'2023-10-26',0,'2099-12-31',24150),(1254,10,'2023-11-26',1,'2023-12-02',241518),(1255,16.95,'2023-12-03',0,'2099-12-31',241518),(1256,10,'2023-11-26',1,'2023-12-02',241526),(1257,16.95,'2023-12-03',0,'2099-12-31',241526),(1258,10,'2023-11-26',1,'2023-12-02',241535),(1259,16.95,'2023-12-03',0,'2099-12-31',241535),(1260,1.5,'2023-01-26',0,'2099-12-31',24155),(1261,4.95,'2022-08-04',0,'2023-12-02',24156),(1262,13.95,'2023-02-23',0,'2099-12-31',24170),(1263,13.95,'2023-06-14',0,'2099-12-31',24171),(1264,11.95,'2023-06-22',0,'2099-12-31',24191),(1265,21.95,'2022-09-01',0,'2099-12-31',24195),(1266,19.95,'2022-07-14',0,'2099-12-31',24197),(1267,21.95,'2022-09-01',0,'2099-12-31',24199),(1268,23.95,'2023-07-13',0,'2099-12-31',24204),(1269,24.95,'2023-01-26',0,'2099-12-31',24205),(1270,18.95,'2023-01-26',0,'2099-12-31',24208),(1271,6,'2022-07-28',0,'2099-12-31',24212),(1272,16.95,'2023-01-26',0,'2023-12-02',24215),(1273,7.95,'2023-01-26',0,'2099-12-31',24227),(1274,5,'2023-11-26',1,'2023-12-02',24271),(1275,6.55,'2023-12-03',0,'2099-12-31',24271),(1276,11.5,'2022-10-27',0,'2099-12-31',24401),(1277,11.5,'2022-10-27',0,'2099-12-31',24402),(1278,11.5,'2022-10-27',0,'2099-12-31',24406),(1279,18.5,'2022-10-13',0,'2099-12-31',24713),(1280,18.5,'2022-10-27',0,'2099-12-31',24740),(1281,6.5,'2023-01-05',0,'2099-12-31',24801),(1282,64.95,'2022-11-03',0,'2099-12-31',248017),(1283,6.5,'2023-01-05',0,'2099-12-31',24802),(1284,64.95,'2023-02-09',0,'2099-12-31',248524),(1285,54.95,'2023-02-09',0,'2099-12-31',248530),(1286,36.95,'2023-11-26',0,'2099-12-31',248580),(1287,24.95,'2023-08-24',0,'2023-12-09',250061),(1288,39.95,'2023-08-24',0,'2023-12-09',250062),(1289,34.95,'2022-06-07',0,'2099-12-31',250344),(1290,115,'2023-11-26',1,'2023-12-02',251445),(1291,169,'2023-12-03',0,'2023-12-09',251445),(1292,125,'2023-11-26',1,'2023-12-02',251495),(1293,179,'2023-12-03',0,'2023-12-09',251495),(1294,75,'2023-11-23',0,'2023-12-02',252015),(1295,26.95,'2023-04-13',0,'2023-12-09',25506),(1296,26.95,'2023-04-13',0,'2023-12-09',25511),(1297,22.95,'2023-04-13',0,'2023-12-09',25514),(1298,26.95,'2023-04-13',0,'2099-12-31',25601),(1299,18.95,'2022-06-23',0,'2099-12-31',25735),(1300,24.95,'2023-04-20',0,'2099-12-31',25739),(1301,29.95,'2023-06-15',0,'2099-12-31',25748),(1302,17.5,'2023-04-13',0,'2099-12-31',25830),(1303,24.95,'2023-04-13',0,'2023-11-29',25845),(1304,24.95,'2023-04-13',0,'2023-11-29',25847),(1305,17.95,'2023-01-12',0,'2099-12-31',26000),(1306,59.95,'2020-08-27',0,'2023-12-26',260079),(1307,34.95,'2023-09-28',0,'2099-12-31',260239),(1308,29.95,'2023-09-28',0,'2099-12-31',260250),(1309,29.95,'2023-09-28',0,'2099-12-31',260251),(1310,29.95,'2023-09-28',0,'2099-12-31',260255),(1311,39.95,'2022-06-30',0,'2099-12-31',260507),(1312,39.95,'2022-06-30',0,'2099-12-31',260508),(1313,39.95,'2022-11-03',0,'2099-12-31',260516),(1314,39.95,'2022-11-03',0,'2099-12-31',260522),(1315,22.95,'2023-01-12',0,'2099-12-31',26094),(1316,36.95,'2023-06-01',0,'2099-12-31',260971),(1317,38.95,'2023-06-01',0,'2099-12-31',261080),(1318,38.95,'2023-06-01',0,'2023-12-02',261170),(1319,38.95,'2023-06-01',0,'2023-12-02',261173),(1320,38.95,'2023-06-01',0,'2023-12-02',261174),(1321,38.95,'2023-06-01',0,'2023-12-02',261175),(1322,31.95,'2023-06-01',0,'2099-12-31',261180),(1323,31.95,'2023-06-01',0,'2099-12-31',261184),(1324,5,'2011-12-15',0,'2099-12-31',26515),(1325,13.95,'2023-01-05',0,'2023-12-02',26518);
/*!40000 ALTER TABLE `price` ENABLE KEYS */;
UNLOCK TABLES;

--
-- Table structure for table `product`
--

DROP TABLE IF EXISTS `product`;
/*!40101 SET @saved_cs_client     = @@character_set_client */;
/*!50503 SET character_set_client = utf8mb4 */;
CREATE TABLE `product` (
  `product_id` int NOT NULL AUTO_INCREMENT,
  `product_name` varchar(256) CHARACTER SET utf8mb4 COLLATE utf8mb4_unicode_ci NOT NULL,
  `product_underline` varchar(256) CHARACTER SET utf8mb4 COLLATE utf8mb4_unicode_ci NOT NULL,
  `product_description` varchar(256) CHARACTER SET utf8mb4 COLLATE utf8mb4_unicode_ci DEFAULT NULL,
  PRIMARY KEY (`product_id`)
) ENGINE=InnoDB AUTO_INCREMENT=411671 DEFAULT CHARSET=utf8mb4 COLLATE=utf8mb4_unicode_ci;
/*!40101 SET character_set_client = @saved_cs_client */;

--
-- Dumping data for table `product`
--

LOCK TABLES `product` WRITE;
/*!40000 ALTER TABLE `product` DISABLE KEYS */;
INSERT INTO `product` VALUES (1,'test','100gr',NULL),(10076,'ÅRETS ÆVLEROV','1 LTR. / ÆBLEMOST UFILTRERET',NULL),(10169,'SUNJOY','50 CL. / HINDBÆR',NULL),(10171,'SUNJOY','50 CL. / ORANGE',NULL),(10236,'PROTEINDRIK','50 CL. / CHOKO',NULL),(10237,'PROTEINDRIK','50 CL. / VANILJE',NULL),(11002,'ARLA KAKAO','1 LTR. / LAKTOSEFRI',NULL),(11046,'RIBENA','85 CL. / SOLBÆR',NULL),(11071,'RIBENA','85 CL. / SOLBÆR LIGHT',NULL),(11163,'INGEFÆR/ÆBLE','50 CL. / HOLMENE SHOTS',NULL),(11164,'INGEFÆR/RØDBEDE','50 CL. / HOLMENE SHOTS',NULL),(11222,'APP./GUR./INGEF.','50 CL. / HOLMENE SHOTS',NULL),(11300,'ØRSKOV FRUGT','75 CL. / ÆBLEMOST M/PÆRESAFT ',NULL),(11301,'ØRSKOV FRUGT','75 CL. / ÆBLEMOST INGRID MARIE',NULL),(11500,'KAKAOMÆLK','50 CL. / REMA 1000',NULL),(12121,'HYLDEBLOMST','50 CL. / HARBOE',NULL),(13255,'DANSKE BÆR RIBS','50 CL. / FRK. ANDERSEN',NULL),(13271,'DANSK RABARBER','50 CL. / HOLMENE ',NULL),(13291,'FUZE TEA PEACH','40 CL. / ',NULL),(20020,'MINIMÆLK 0,4%','1 LTR. / GRAM SLOT, ØKOLOGISK',NULL),(20025,'LETMÆLK 1,5%','1 LTR. / GRAM SLOT, ØKOLOGISK',NULL),(20026,'SKUMMETMÆLK 0,1%','1 LTR. / GRAM SLOT, ØKOLOGISK',NULL),(20062,'SMØRBAR BLOK','200 GR. / NATURLI\', ØKOLOGISK',NULL),(20068,'APPELSIN JUICE','900 ML. / INNOCENT',NULL),(20100,'SØDMÆLK 3,5%','1 LTR. / ARLA 24 TIMER',NULL),(20129,'SØDMÆLK 3,5%','1 LTR. / GRAM SLOT, ØKOLOGISK',NULL),(20131,'PISKEFLØDE 38%','330 ML. / GRAM SLOT, ØKOLOGISK',NULL),(20152,'MADFLØDE 13%','300 ML. / ARLA, LACTOFREE',NULL),(20154,'PISKBAR','250 ML. / ALPRO SOYA',NULL),(20231,'BLÅBÆR/VANILJE','1000 GR. / CHEASY, PROTEIN YOGHURT',NULL),(20233,'PROTEIN CHOCO','500 ML. / ARLA, CHOKOLADE SMAG',NULL),(20248,'LEMON-LIME','750 GR. / ALPRO SOYA',NULL),(20252,'SKOVBÆR','1000 GR. / CHEASY, SKYR YOGHURT',NULL),(20302,'SØDMÆLK 3,5%','0.5 LTR. / ARLA ',NULL),(20355,'KIDS SMOOTHIE','600 ML. / INNOCENT, JORDBÆR, HINDBÆR & ÆBLE',NULL),(20357,'FRAPPUCCINO ISKAFFE','250 ML. / STARBUCKS, CREMET KAFFEDRIK',NULL),(20364,'PROTEIN DRIK','500 GR. / ARLA, VANILJE SMAG',NULL),(20369,'FRAICHE 9%','190 GR. / GRAM SLOT',NULL),(20370,'CREME FRAICHE 38%','190 GR. / GRAM SLOT, ØKOLOGISK',NULL),(20380,'HINDBÆR DRIKKEYOGHURT','330 ML. / GRAM SLOT, ØKOLOGISK',NULL),(20381,'KAKAOMÆLK','330 ML. / GRAM SLOT, ØKOLOGISK',NULL),(20385,'SKYR VANILJE','450 GR. / GRAM SLOT, ØKOLOGISK',NULL),(20386,'SKYR HINDBÆR','450 GR. / GRAM SLOT, ØKOLOGISK',NULL),(20387,'SKYR NATUREL','450 GR. / GRAM SLOT, ØKOLOGISK',NULL),(20395,'CREAMY SKYR','180 GR. / STAY STRONG, VANILLA & GRANOLA',NULL),(20396,'CREAMY SKYR','180 GR. / STAY STRONG, JORDBÆR-/LIMESMAG & GRANOLA',NULL),(20400,'NATUREL SKYR 0,2%','1 KG. / KLØVER',NULL),(20426,'KIRSEBÆR YOGHURT 1,3%','1 KG. / YOGGI',NULL),(20500,'LETMÆLK 1,5%','1 LTR. / ARLA 24 TIMER',NULL),(20758,'LETMÆLK','250 ML. / ARLA',NULL),(20795,'HAVREDRIK MED HAMP','1 LTR. / ØKO. JÖRD',NULL),(20796,'SYRNET HAVRE JORDBÆR','400 GR. / JÖRD, ØKOLOGISK',NULL),(20800,'HAVREDRIK','990 ML. / NATURLI\', ØKOLOGISK',NULL),(20801,'MANDELDRIK','990 ML. / NATURLI\', ØKOLOGISK',NULL),(20802,'HAVRE KAKAO DRIK','990 ML. / NATURLI\', ØKOLOGISK',NULL),(21200,'KÆRNEMÆLK 0,3%','1 LTR. / ARLA',NULL),(21474,'LETMÆLK 1,5%','1 LTR. / ARLA, LACTOFREE',NULL),(21476,'MINIMÆLK 0,4%','1 LTR. / ARLA, LACTOFREE & ØKOLOGISK ',NULL),(21479,'SØDMÆLK 3,5%','1 LTR. / ARLA, LACTOFREE',NULL),(21480,'MINIMÆLK 0,4%','1 LTR. / ARLA 24 TIMER',NULL),(21488,'MINIMÆLK','250 ML. / ARLA, ØKOLOGISK',NULL),(21497,'MINIMÆLK 0,4%','1 LTR. / ARLA, ØKOLOGISK',NULL),(21499,'LETMÆLK 1,5%','1 LTR. / ARLA, ØKOLOGISK',NULL),(21506,'KÆRNEMÆLK 0,5%','1 LTR. / GRAM SLOT, ØKOLOGISK',NULL),(21510,'SØDMÆLK 3,5%','1 LTR. / ARLA, ØKOLOGISK',NULL),(21513,'SKUMMETMÆLK 0,1%','1 LTR. / ARLA, ØKOLOGISK',NULL),(21518,'CREMEFRAICHE 18%','450 GR. / KAROLINES KØKKEN, ØKOLOGISK',NULL),(21566,'VANILJE YOGHURT 0,5%','1 KG. / ARLA, ØKOLOGISK',NULL),(21567,'NATUREL YOGHURT 0,5%','1 KG. / ARLA, ØKOLOGISK',NULL),(21569,'PÆRE & BANAN 0,4%','1 LTR. / ARLA, YOGHURT',NULL),(21646,'KÆRGÅRDEN SMØRBAR','200 GR. / ØKOLOGISK',NULL),(21649,'SMØR','200 GR. / ARLA, ØKOLOGISK',NULL),(21659,'PISKEFLØDE 38%','0.5 LTR. / KAROLINES KØKKEN, ØKOLOGISK',NULL),(21810,'PISKEFLØDE 36%','250 ML. / ARLA, LACTOFREE',NULL),(21816,'FLØDESKUM PÅ DÅSE','250 GR. / PRÉSIDENT, UDEN SUKKER',NULL),(21863,'PISKEFLØDE 38%','0.25 LTR. / KAROLINES KØKKEN',NULL),(21878,'MADLAVNINGSFLØDE 8%','250 ML. / KAROLINES KØKKEN ',NULL),(21879,'MADLAVNINGSFLØDE 15%','0.5 LTR. / KAROLINES KØKKEN',NULL),(21880,'MADLAVNINGSFLØDE 8%','330 ML. / GRAM SLOT, ØKOLOGISK',NULL),(21894,'CREMEFINE 7%','250 ML. / GOD TIL MADLAVNING',NULL),(21895,'CREMEFINE 15%','250 ML. / GOD TIL MADLAVNING',NULL),(21896,'FLØDEALTERNATIV','250 ML. / OMA TIL MADLAVNING 4%',NULL),(21901,'KAFFEFLØDE 10%','250 ML. / ARLA, UHT',NULL),(21933,'FRAICHE 5%','500 GR. / CHEASY',NULL),(21937,'FRAICHE 13%','200 GR. / ARLA, LACTOFREE',NULL),(22006,'A38 NATUREL 0,4%','1 KG. / ARLA, ØKOLOGISK',NULL),(22015,'A38 HINDBÆR 0,4%','1 KG. / ARLA',NULL),(22022,'NATUREL','1000 GR. / CHEASY, YOGHURT',NULL),(22031,'TYKMÆLK 3,5%','1000 GR. / GRAM SLOT, ØKOLOGISK',NULL),(22032,'TYKMÆLK','1 KG. / KLØVER',NULL),(22055,'A38 YMER 3,5%','1 KG. / ARLA, ØKOLOGISK',NULL),(22078,'NATUREL YOGURT 1,5%','1 KG. / KLØVER',NULL),(22084,'A38 NATUREL 1,5%','1 KG. / ARLA',NULL),(22218,'NATUREL YOGHURT','1 KG. / KLØVER',NULL),(22251,'PÆRE & BANAN YOGHURT','1 KG. / YOGGI',NULL),(22260,'JORDBÆR YOGHURT 1,4%','1 KG. / YOGGI',NULL),(22261,'HAVENS BÆR YOGHURT 1,4%','1 KG. / YOGGI',NULL),(22393,'NATUREL YOGHURT','1000 GR. / ARLA, LACTOFREE',NULL),(22394,'PÆRE/BANAN','1 KG. / ARLA, YOGHURT LACTOFREEE',NULL),(22427,'PÆRE/BANAN','150 GR. / ARLA, YOGHURT ØKOLOGISK',NULL),(22428,'JORDBÆR','150 GR. / ARLA, YOGHURT ØKOLOGISK',NULL),(22760,'JORDBÆR DRIK YOGHURT','250 ML. / YOGGI',NULL),(22778,'KIDS SMOOTHIE','600 ML. / ORANGE, MANGO & PINEAPPLE',NULL),(22795,'CREMET SKYR VANILJE','400 GR. / ARLA, ØKOLOGISK',NULL),(22800,'SKYR & KERNER','180 GR. / CHEASY, HINDBÆR & GRANATÆBLE 0,9% FEDT',NULL),(22823,'VANILJE','1000 GR. / CHEASY, YOGHURT',NULL),(22824,'JORDBÆR/RABARBER','1000 GR. / CHEASY, YOGHURT',NULL),(22829,'SKOVBÆR','1000 GR. / CHEASY, YOGHURT',NULL),(22831,'FERSKEN/PASSION','1000 GR. / CHEASY, YOGHURT',NULL),(22850,'KOKOS','1000 GR. / CHEASY, PROTEIN YOGHURT',NULL),(23418,'CREMEFRAICHE 18%','250 GR. / KAROLINES KØKKEN',NULL),(23434,'ELLA-SARA SMOOTHIE','250 ML. / MANGO,PASSION ',NULL),(23435,'ELLA-SARA SMOOTHIE','250 ML. / JORDBÆR,BANAN',NULL),(23436,'ELLA-SARA  JUICE','400 ML. / INGEFÆR/ÆBLE/CITRON',NULL),(23804,'ANANAS PASSION','500 GR. / ARLA CULTURA',NULL),(23806,'HINDBÆR','500 GR. / ARLA CULTURA',NULL),(23807,'NATUREL','500 GR. / ARLA CULTURA',NULL),(23815,'KEFIR NATUREL','1 LTR. / ARLA CULTURA, LAKTOSEFRI',NULL),(23925,'INGEFÆRSHOT','60 ML. / FRANKLY, ØKOLOGISK',NULL),(23926,'CHILI+GURKEMEJESHOT','60 ML. / FRANKLY, ØKOLOGISK',NULL),(23946,'INNOCENT JUICE','0.9 LTR. / HINDBÆR ÆBLE',NULL),(23971,'PROTEINDRIK','220 ML. / WHITE STRAWBERRY',NULL),(23982,'JORDBÆR YOGHURT','500 ML. / ARLA CULTURA, DRIKKE',NULL),(23986,'PROTEIN DRIKKEYOGHURT','500 ML. / ARLA, HINDBÆR',NULL),(23987,'BLÅBÆR YOGHURT','500 ML. / ARLA CULTURA, DRIKKE',NULL),(24001,'ACTIMEL','400 GR. / JORDBÆR 4 STK.',NULL),(24015,'VANILJE','1000 GR. / CHEASY, SKYR YOGHURT',NULL),(24150,'TØR GÆR','11.8 GR. / ',NULL),(24155,'GÆR','50 GR. / ',NULL),(24156,'GÆR','50 GR. / ØKOLOGISK',NULL),(24170,'PROTEIN BUDDING','200 GR. / ARLA, CHOKOLADE SMAG',NULL),(24171,'PROTEIN BUDDING','200 GR. / ARLA, HASSELNØDDE SMAG',NULL),(24191,'DRIKKESKYR','250 ML. / STAY STRONG, HINDBÆR & VANILJE, PROTEIN',NULL),(24195,'SKYR MED LEMON','500 GR. / STAY STRONG, ØKOLOGISK, PROTEIN',NULL),(24197,'MASCARPONE','250 GR. / AMBROSI',NULL),(24199,'CREMET SKYR','500 GR. / STAY STRONG, JORDBÆR & LIME',NULL),(24204,'ALPRO NATUREL','750 GR. / PLANTGURT',NULL),(24205,'BLÅBÆR','750 GR. / ALPRO SOYA',NULL),(24208,'JORDBÆR','500 GR. / ALPRO SOYA',NULL),(24212,'DANONINO','70 GR. / JORDBÆR',NULL),(24215,'DANONINO MIX','300 GR. / ',NULL),(24227,'CITRON FROMAGE','100 GR. / DR. OETKER',NULL),(24271,'RISDESSERT','175 GR. / RICE\'N\'GO, MED JORDBÆR',NULL),(24401,'JORDBÆR MILKSHAKE','200 ML. / MATILDE',NULL),(24402,'KAKAO MILKSHAKE','200 ML. / MATILDE',NULL),(24406,'VANILJE MILKSHAKE','200 ML. / MATILDE',NULL),(24713,'MATILDE KAKAO','1 LTR. / SKUMMETMÆLK',NULL),(24740,'KAKAOMÆLK 0,5%','1 LTR. / GRAM SLOT, ØKOLOGISK',NULL),(24801,'CAFFE LATTE','200 ML. / CAPPUCCINO',NULL),(24802,'LATTE MACCHIATO','200 ML. / PARMALAT',NULL),(25506,'LURPAK SMØRBAR','200 GR. / DANSK SALTET',NULL),(25511,'LURPAK SMØR','200 GR. / DANSK SALTET',NULL),(25514,'LURPAK LET SMØR','200 GR. / SALTET',NULL),(25601,'LURPAK SMØR','200 GR. / DANSK USALTET',NULL),(25735,'SMØRBAR','200 GR. / NATURLI\', ØKOLOGISK',NULL),(25739,'BAKKEDAL','200 GR. / ØKOLOGISK',NULL),(25748,'ARLA SMØR','250 GR. / LACTOFREE',NULL),(25830,'KÆRGÅRDEN SMØRBAR','125 GR. / HVIDLØG & RAMSLØG',NULL),(25845,'KÆRGÅRDEN SMØRBAR','200 GR. / LET',NULL),(25847,'KÆRGÅRDEN SMØRBAR','200 GR. / ORIGINAL',NULL),(26000,'KOLDSKÅL MED CITRON','1 LTR. / KLØVER',NULL),(26094,'KOLDSKÅL','1 LTR. / ARLA, MED TYKMÆLK & ÆG',NULL),(26515,'CHOKO DESSERT','115 GR. / DANETTE',NULL),(26518,'TIRAMISÙ','180 GR. / DOLCE MAMMA',NULL),(100004,'JORDBÆRMARMELADE','285 GR. / EASIS',NULL),(100021,'KIRSEBÆRSAUCE','530 GR. / KLASSISK',NULL),(100043,'ANDEFOND','180 ML. / ',NULL),(100049,'OKSEFOND','180 ML. / ',NULL),(100061,'SOLTØRREDE TOMATER','100 GR. / ',NULL),(100065,'TYTTEBÆRMARMELADE','340 GR. / FYNBO CLASSIC',NULL),(100118,'HØNSEFOND','180 ML. / ',NULL),(100225,'FORLOREN SKILDPADDE','400 GR. / JAKA',NULL),(100229,'PINJEKERNER','25 GR. / ØKOLOGISKE',NULL),(100232,'TRANEBÆR','50 GR. / ØKOLOGISKE',NULL),(100258,'BLOMSTER HONNING','400 GR. / JAKOBSENS, ØKO',NULL),(100285,'HAKKEBØF I SOVS','410 GR. / JAKA',NULL),(100346,'CASHEWNØDDER','50 GR. / USALTEDE',NULL),(100347,'GRÆSKARKERNER','90 GR. / RISTEDE OG SALTEDE',NULL),(100348,'TRANEBÆR','90 GR. / TØRREDE',NULL),(100385,'SALATBLANDING','100 GR. / RISTET OG SALTET',NULL),(100387,'CASHEWNØDDER','45 GR. / RISTEDE OG SALTEDE',NULL),(100457,'SYLTET RØDKÅL','370 GR. / GRAM SLOT ØKOLOGISK',NULL),(100501,'FRUGT BAMSER','40 GR. / FRUGI MULTIFRUGT',NULL),(100511,'SYLTEDE RØDBEDER','240 GR. / GRAM SLOT ØKOLOGISK',NULL),(100534,'ASPARGESSNITTER','240 GR. / PARADISO FINE',NULL),(100555,'BABYMAJS','225 GR. / INSPIRING FOOD',NULL),(100560,'BAMBUSSKUD','142 GR. / INSPIRING FOOD',NULL),(100601,'FRUGT BAMSER','40 GR. / FRUGI ÆBLE & JORDBÆR',NULL),(100707,'HVERDAGSHONNING','250 GR. / JAKOBSENS',NULL),(100741,'DANSK HONNING','425 GR. / HONNINGBIEN',NULL),(100779,'ITALIAN MINESTRONE','57 GR. / KNORR CUP A SOUP',NULL),(100781,'GOULASH','42 GR. / KNORR CUP A SOUP',NULL),(100782,'CAULIFLOWER','45 GR. / KNORR CUP A SOUP',NULL),(100797,'MAJS','420 GR. / BONDUELLE',NULL),(100799,'MAJS','280 GR. / BONDUELLE',NULL),(100807,'CARBONARA','63 GR. / KNORR SNACK POT',NULL),(100808,'BOLOGNESE','60 GR. / KNORR SNACK POT',NULL),(100809,'NAPOLI','69 GR. / KNORR SNACK POT',NULL),(100825,'CREAMY PESTO','68 GR. / KNORR SNACK POT',NULL),(100830,'BACON & ONION','51 GR. / KNORR SNACK POT',NULL),(100851,'BLANDET SØDT OG SALT','120 GR. / ROSINER OG NØDDER',NULL),(100914,'HVIDVINSEDDIKE','250 ML. / CUCINA',NULL),(100998,'AMARENA KIRSEBÆR','460 GR. / ',NULL),(101109,'LEVERPOSTEJ','250 GR. / FAABORG',NULL),(101318,'ISKAFFE M/HAVRE','1 LTR. / PLANTEKØKKENET',NULL),(101386,'SOJADRIK M/ KAKAO','1 LTR. / PLANTEKØKKENET',NULL),(101389,'TØRREDE DADLER','160 GR. / DEGLET NOUR',NULL),(101425,'FRUGTSNACKS','196 GR. / NORDTHY',NULL),(101437,'HVIDLØG I CHILIOLIE','290 GR. / ',NULL),(101446,'ANDELÅR','1250 GR. / CONFITEREDE',NULL),(101451,'HERREGÅRDSRØDKÅL','535 GR. / BEAUVAIS',NULL),(101454,'FLYDENDE HONNING','250 GR. / HONNINGBIEN',NULL),(101461,'ØKO KIRSEBÆRSAUCE','385 GR. / FYNBO',NULL),(101462,'HINDB. MARMELADE','550 GR. / VENDELBO',NULL),(101464,'JORDBÆR MARMEL.','550 GR. / VENDELBO',NULL),(101607,'TOMATO','54 GR. / KNORR CUP A SOUP',NULL),(101612,'ASPARAGUS','57 GR. / KNORR CUP A SOUP                ',NULL),(102515,'ITALIAN LASAGNE','262 GR. / KNORR DINNER KIT',NULL),(102520,'ITALIAN LASAGNETTE','273 GR. / KNORR DINNER KIT',NULL),(102870,'ÆBLECIDER EDDIKE','500 ML. / HEIDELBERG',NULL),(103101,'ACETO BALSAMICO','250 ML. / CUCINA',NULL),(103586,'GRØNTSAGSBOUILLON','100 GR. / KNORR',NULL),(103589,'OKSEBOUILLON','100 GR. / KNORR',NULL),(103593,'HØNSEBOUILLON','100 GR. / KNORR',NULL),(104050,'RØDKÅL','580 GR. / BEAUVAIS                      ',NULL),(104170,'RØDBEDER','375 GR. / BEAUVAIS                      ',NULL),(104212,'ASIER','310 GR. / BEAUVAIS                      ',NULL),(104336,'AGURKESALAT U/SUKKER','320 GR. / SAMSØ',NULL),(104339,'ASIER U/SUKKER','320 GR. / SAMSØ',NULL),(104345,'RØDBEDER U/SUKKER','370 GR. / SAMSØ',NULL),(104346,'RØDKÅL U/SUKKER','560 GR. / SAMSØ',NULL),(105040,'HINDBÆRMARMELADE','285 GR. / EASIS',NULL),(105041,'ABRIKOSMARMELADE','285 GR. / EASIS',NULL),(105199,'MARMELADE','415 GR. / RASMUS KLUMP',NULL),(106311,'RIBSGELÉ','340 GR. / FYNBO',NULL),(106412,'KIRSEBÆRSAUCE','500 GR. / SKÆLSKØR                      ',NULL),(106455,'KIRSEBÆRSAUCE','500 GR. / VENDELBO',NULL),(108057,'ÆRTER & GULERØDDER','265 GR. / BONDUELLE',NULL),(108222,'CHAMPIGNON HELE','170 GR. / BONDUELLE',NULL),(108618,'HAVREDRIK','1 LTR. / NATURLI\'',NULL),(108684,'GRØNNE OLIVEN','180 GR. / ALEXOS MED MANDLER ',NULL),(108686,'KALAMATA OLIVEN','180 GR. / ALEXOS MED STEN',NULL),(108740,'KALAMATA OLIVEN','100 GR. / ANTOS UDEN STEN',NULL),(108852,'TOMATSAUCE','400 GR. / CUCINA BASILIKUM',NULL),(108853,'TOMATSAUCE','400 GR. / CUCINA HVIDLØG',NULL),(109006,'KOLDPRESSET RAPSOLIE','700 ML. / BORNHOLMSK',NULL),(109083,'REAL MAYONNAISE','200 GR. / HELLMANN\'S',NULL),(109216,'FRUGTSTÆNGER','100 GR. / CASTUS, FIGEN',NULL),(109223,'FRUGTSTÆNGER','100 GR. / CASTUS, JORDBÆR',NULL),(109251,'ABRIKOSER','100 GR. / SOLTØRREDE',NULL),(110001,'SANDWICH SPREAD','415 GR. / ZESTY COOKING',NULL),(110032,'BEARNAISE SAUCE','66 GR. / KNORR',NULL),(110034,'SAUCE HOLLANDAISE','66 GR. / KNORR',NULL),(110045,'EKS. JOMFRU OLIVENOLIE','500 ML. / IL CASOLARE, ØKOLOGISK',NULL),(110067,'CITRONSAFT','200 ML. / POLENGHI',NULL),(110070,'HOTDOG KETCHUP','375 GR. / GRAASTEN',NULL),(110082,'FRANSK DRESSING','425 GR. / GRAASTEN',NULL),(110084,'POMMES FRITES DRESSING','425 GR. / GRAASTEN',NULL),(110144,'DIJON SENNEP','380 GR. / MAILLE',NULL),(110156,'DIJON SENNEP','370 GR. / BORNIER',NULL),(110285,'EKS. JOMFRU OLIVENOLIE','500 ML. / CUCINA, ØKOLOGISK',NULL),(110299,'ORIGINAL SPICE KETCHUP','300 ML. / HELA',NULL),(110421,'ARFMANNS SENNEP','250 GR. / BÄHNCKE',NULL),(110422,'TAFFEL SENNEP','250 GR. / BÄHNCKE',NULL),(110439,'KETCHUP','500 GR. / BEAUVAIS',NULL),(110440,'KETCHUP','480 GR. / BEAUVAIS, U/SUKKER',NULL),(110482,'Z SYLTEDE AGURKER','190 GR. / BURGER SLICED',NULL),(110484,'Z SYLTEDE RØDLØG','115 GR. / STREET FOOD TOPPING',NULL),(110530,'ØKOLOGISK RAPSOLIE','500 ML. / VALLØ SLOT',NULL),(110569,'MIXET OLIE','500 ML. / FARCHIONI',NULL),(110803,'TOMAT KETCHUP','400 ML. / SVANSØ, ØKOLOGISK',NULL),(110934,'ØKO. KETCHUP','580 GR. / HEINZ',NULL),(110968,'KETCHUP','700 GR. / HEINZ',NULL),(111698,'SANDWICH SPREAD','440 GR. / ZESTY COOKING, MINDRE FEDT',NULL),(111716,'HELLMANNS','400 GR. / REAL MAYONNAISE',NULL),(111723,'LIGHT MAYONNAISE','400 GR. / HELLMANN\'S',NULL),(112555,'THOUSAND ISLAND','425 GR. / GRAASTEN',NULL),(112556,'CREME FRAICHE DRESS.','425 GR. / GRAASTEN',NULL),(112561,'BURGERDRESSING','425 GR. / GRAASTEN',NULL),(112920,'ENGELSK SAUCE','340 ML. / I. D. BEAUVAIS',NULL),(113209,'SOJASAUCE','250 ML. / KIKKOMAN',NULL),(113510,'TABASCO','57 ML. / PEPPER SAUCE',NULL),(118018,'MAYONNAISE','395 GR. / HEINZ',NULL),(118421,'EKS. JOMFRU OLIVENOLIE','500 ML. / FARCHIONI',NULL),(118433,'EKS. JOMFRU OLIVENOLIE','500 ML. / CUCINA',NULL),(119092,'KETCHUP','800 GR. / GRAASTEN',NULL),(120059,'JORDNØDDE GUF','400 GR. / NUT LUNCHEON',NULL),(120081,'RØDE PEBERFRUGTER','150 GR. / CUCINA, MED OST',NULL),(120109,'VAAL DHAL','400 GR. / EDGY VEGGIE',NULL),(120115,'PEPPERONI','290 GR. / ORIENTAL CHEF',NULL),(120132,'ØSTERSSAUCE','150 ML. / INSPIRING FOOD',NULL),(120152,'AJVAR','350 GR. / ORIENTAL CHEF',NULL),(120170,'KOKOSMÆLK 8-10 %','165 ML. / INSPIRING FOOD',NULL),(120171,'KOKOSMÆLK','400 ML. / INSPIRING FOOD',NULL),(120192,'PASSATA DI POMODORO','680 GR. / CUCINA',NULL),(120778,'ARTISKOKKER','170 GR. / CUCINA',NULL),(120807,'SOLTØRREDE TOMATER','280 GR. / CUCINA',NULL),(120808,'TOMAT BRUSCHETTA','140 GR. / CUCINA',NULL),(124705,'HP SAUCE','450 GR. / ',NULL),(125000,'TAHIN','300 GR. / SESAMPASTA',NULL),(125039,'SOLSIKKEKERNER','350 GR. / MED SKAL',NULL),(128962,'FRUGTPÅLÆG','192 GR. / CASTUS, FIGEN',NULL),(130005,'TRUSSEINDLÆG','26 STK. / ALWAYS LONG',NULL),(130151,'DEO SPRAY','150 ML. / NIVEA MEN DRY IMPACT',NULL),(130152,'DEO SPRAY','150 ML. / NIVEA DRY COMFORT',NULL),(130153,'ANSIGTSRONDELLER','10 STK. / GENANVENDELIGE',NULL),(130224,'ANTIGEN COVID 19 TEST','1 STK. / BOSON',NULL),(130227,'LOMMELETTER','72 STK. / KLEENEX ORIGINAL BOKS',NULL),(130233,'MUNDBIND','10 STK. / TYPE IIR',NULL),(130234,'SHOWER GEL','750 ML. / SANEX PROTECTOR PUMPE',NULL),(130300,'DEO SPRAY','150 ML. / AXE MARINE',NULL),(130500,'DEO ROLL-ON','50 ML. / SANEX MEN ACTIVE CONTROL',NULL),(130520,'SELF TANNING MOUSSE','150 ML. / NATURAL GLOW',NULL),(130685,'SHOWER CREAM','500 ML. / PALMOLIVE OLIVE & MILK',NULL),(130720,'DEO ROLL-ON','50 ML. / NIVEA DRY COMFORT',NULL),(130721,'DEO ROLL-ON','50 ML. / NIVEA MEN DRY IMPACT',NULL),(130752,'HYGIEJNEBIND','10 STK. / LIBRESSE MAXI NIGHT WING',NULL),(130903,'HAND DISINFECTION GEL','250 ML. / NORDIC SENSE 85%',NULL),(130905,'SHOWER GEL','250 ML. / PALMOLIVE MEN REFRESHING',NULL),(131096,'SHOWER GEL','250 ML. / NIVEA CREME CARE',NULL),(131200,'HELOSAN SALVE','100 GR. / ORIGINAL',NULL),(131303,'HÅNDSÆBE','500 ML. / NO. 1',NULL),(131304,'HÅNDLOTION','300 ML. / SIMPLE LIVING',NULL),(131305,'HÅNDSÆBE','500 ML. / SIMPLE LIVING',NULL),(131306,'HÅNDSÆBE SCRUB','500 ML. / NO. 1',NULL),(131317,'MANICURESÆT','1 SÆT / ',NULL),(131377,'TAMPON','22 STK. / TAMPAX COMPAK REGULAR',NULL),(131385,'TAMPON','20 STK. / TAMPAX COMPAK SUPER',NULL),(131418,'HÅNDSÆBE','250 ML. / NEUTRAL',NULL),(131539,'BARBERGEL','200 ML. / GILLETTE SENSITIVE',NULL),(131543,'TENA DISCREET','12 STK. / NORMAL',NULL),(131622,'DAY CREAM','50 ML. / NIVEA Q10 ENERGY',NULL),(131624,'NIGHT CREAM','50 ML. / NIVEA Q10 ENERGY',NULL),(131663,'MUNDSKYL','500 ML. / COLGATE PLAX COOL MINT',NULL),(131693,'ANSIGTSMASKE','1 STK. / MASKEKOMPAGNIET CHARCOAL',NULL),(131694,'ANSIGTSMASKE','1 STK. / MASKEKOMPAGNINET MOIST.',NULL),(131700,'BARBERBLADE','4 STK. / GILLETTE MACH 3 TURBO',NULL),(131920,'HÅNDSÆBE','300 ML. / URTEKRAM SENSITIVE',NULL),(131921,'BODY WASH','200 ML. / URTEKRAM SENSITIVE',NULL),(131922,'HÅNDSÆBE','300 ML. / URTEKRAM WILD LEMONGRASS',NULL),(131923,'BODY WASH','200 ML. / URTEKRAM WILD LEMONGRASS',NULL),(132160,'VASELINE','40 GR. / KLØVER',NULL),(132327,'DAY CREAM','50 ML. / NIVEA Q10 SENSITIVE',NULL),(132328,'NIGHT CREAM','50 ML. / NIVEA Q10 SENSITIVE',NULL),(132370,'DAY CREAM','50 ML. / NIVEA Q10 ANTI-WRINKLE POWER',NULL),(132371,'NIGHT CREAM','50 ML. / NIVEA Q10 ANTI-WRINKLE POWER',NULL),(132384,'EYE CREAM','15 ML. / NIVEA Q10 ANTI-WRINKLE',NULL),(132616,'CREME TINDÅSE','250 ML. / NIVEA',NULL),(132661,'BODY LOTION','250 ML. / NIVEA RICH NOURISHING',NULL),(134812,'SÆBEBAR','4 STK. / PALMOLIVE OLIVEN',NULL),(134844,'HÅNDSÆBE','500 ML. / PALMOLIVE AQUARIUM',NULL),(134845,'HÅNDSÆBE','500 ML. / PALMOLIVE MILK & ALMOND',NULL),(135015,'KONDOMER','10 STK. / PROTEX CLASSIC FIT',NULL),(135107,'TENA DISCREET','24 STK. / ULTRA MINI PLUS',NULL),(135430,'TAMPON','30 STK. / TAMPAX REGULAR',NULL),(135431,'TAMPON','30 STK. / TAMPAX SUPER',NULL),(135548,'HYGIEJNEBIND','14 STK. / LIBRESSE NORMAL WINGS',NULL),(135583,'TRUSSEINDLÆG','30 STK. / LIBRESSE NORMAL',NULL),(135717,'HYGIEJNEBIND','10 STK. / ALWAYS ULTRA DAY & NIGHT',NULL),(135720,'HYGIEJNEBIND','14 STK. / ALWAYS ULTRA NORMAL WINGS',NULL),(135723,'HYGIEJNEBIND','9 STK. / ALWAYS SECURE NIGHT WINGS',NULL),(135740,'TRUSSEINDLÆG','30 STK. / ALWAYS NORMAL',NULL),(136035,'BLISTER PREVENTION','6 STK. / SALVEQUICK HEELS',NULL),(136044,'PLASTER','22 STK. / SALVEQUICK AQUA RESIST',NULL),(136045,'PLASTER','0.75 MTR. / SALVEQUICK TEXTILE ELASTIC',NULL),(136107,'LOMMELETTER','72 STK. / KLEENEX BALSAM',NULL),(136420,'LÆBEPOMADE','7.5 GR. / CARMEX I KRUKKE',NULL),(136442,'LÆBEPOMADE','2 STK. / DERMA',NULL),(136486,'LÆBEPOMADE','2 STK. / LYPSYL',NULL),(140018,'VEJSALT','5 KG. / POSE',NULL),(140110,'KLORIN','1.5 LTR. / ORIGINAL',NULL),(140128,'BATHROOM','750 ML. / AJAX SPRAY',NULL),(140131,'UNIVERSAL RENGØRING','1000 ML. / AJAX ORIGINAL',NULL),(140132,'UNIVERSAL RENGØRING','1000 ML. / AJAX LEMON',NULL),(140258,'VASKEPULVER','688 GR. / A+ TRADITIONAL',NULL),(140373,'WC BLOK 3I1','40 GR. / DOMESTOS OCEAN',NULL),(140397,'GROFT SALT','2 KG. / MASKINOPVASK',NULL),(140458,'DOMESTOS WC RENS','750 ML. / ANTIKALK',NULL),(140502,'WETWIPE','32 STK. / RENGØRINGSSERVIETTER',NULL),(140555,'VASKEKAPSLER','12 STK. / BIO-TEX 3I1 COLOR',NULL),(140593,'WC RENS','750 ML. / KLAR, AGURK OG LØVEFOD DUFT',NULL),(140595,'GLAS OG SPEJL SPRAY','500 ML. / KLAR, PARFUMEFRI',NULL),(140600,'FLYDENDE VASK','700 ML. / BIO-TEX COLOR',NULL),(140633,'FLYDENDE VASK','700 ML. / NEUTRAL COLOUR & WHITE',NULL),(140640,'FLYDENDE VASK','880 ML. / A+ COLOUR',NULL),(140641,'FLYDENDE VASK','880 ML. / A+ WHITE',NULL),(140916,'OLIETRÆSÆBE','700 ML. / PROBAT',NULL),(141050,'KRYSTALSÆBE','500 GR. / RESPEKT',NULL),(141080,'SÆBESPÅNER','500 GR. / RESPEKT',NULL),(141784,'HARPIC WC RENS','750 ML. / 100% KALKFJERNER',NULL),(141785,'HARPIC WC RENS','750 ML. / POWER PLUS ORIGINAL',NULL),(141786,'HARPIC WC RENS','750 ML. / ECO VINEGAR',NULL),(141788,'HARPIC TOILETBLOK','1 STK. / WAVE ATLANTIC BURST',NULL),(142102,'STÅLULDSSVAMPE','10 STK. / RENS-LET',NULL),(142475,'OVN- OG GRILLRENS','300 ML. / STERLING SPRAY',NULL),(142550,'STORVASK PULVER','1.28 KG. / NEUTRAL',NULL),(144156,'DUN-LET SKYLLEMIDDEL','1 LTR. / ULTRA VANILLA & ORCHID',NULL),(144174,'DUN-LET SKYLLEMIDDEL','1 LTR. / ULTRA APPLE BLOSSOM',NULL),(144178,'DUN-LET SKYLLEMIDDEL','1 LTR. / ULTRA SOFTNESS & CARE',NULL),(144189,'DUN-LET SKYLLEMIDDEL','1 LTR. / ULTRA OUTDOOR FRESH',NULL),(144190,'TØRRETUMBLERARK','20 STK. / DUN-LET OUTDOOR FRESH',NULL),(144194,'DUN-LET SKYLLEMIDDEL','1 LTR. / ULTRA PARFUMEFRI',NULL),(144195,'DUN-LET SKYLLEMIDDEL','1 LTR. / ULTRA PARADISE BLUE',NULL),(144196,'DUN-LET SKYLLEMIDDEL','1 LTR. / ULTRA COCONUT',NULL),(145130,'VANISH GOLD POWDER','470 GR. / PLETFJERNER, PINK, OXI ACTION',NULL),(145145,'POWER FOAM','600 ML. / CILLIT BANG',NULL),(145747,'OPVASKETABS','13 STK. / NEOPHOS ALL IN 1',NULL),(146751,'FINT SALT','2 KG. / TIL OPVASKEMASKINER',NULL),(146766,'VEJSALT','10 KG. / POSE MED HANK',NULL),(147240,'AFSPÆNDINGSMIDDEL','400 ML. / NEOPHOS SHINE & DRY',NULL),(147702,'OPVASK','1000 ML. / NEUTRAL',NULL),(147762,'OPVASK','1 LTR. / VEL',NULL),(147770,'OPVASK','500 ML. / VEL ULTRA',NULL),(147780,'OPVASK','500 ML. / VEL PURE & CLEAR',NULL),(148837,'STERLING LUFTFRISKER','150 GR. / GEL BLOK LAVENDEL',NULL),(150003,'PLET-VÆK SVAMPE','4 STK. / MELAMIN',NULL),(150010,'SILIKONE SVAMPE','2 STK. / ',NULL),(150032,'MICROFIBERKLUDE','3 STK. / RECYCLED',NULL),(150036,'VASKEMASKINETABS','35 STK. / MINUS KALK',NULL),(150096,'MICROFIBER KLUD','1 STK. / VINDUES- OG SPEJL',NULL),(150100,'STERLING BRILLERENS','100 ML. / SPRAY',NULL),(150102,'BRILLEKLUDE','2 STK. / ',NULL),(150103,'BRILLERENS','50 STK. / STERLING RENSESERVIETTER',NULL),(150118,'RODALON','1 LTR. / INDENDØRS',NULL),(150122,'SODA','500 GR. / UNIVERSAL RENGØRINGSMIDDEL',NULL),(150127,'POSEKLEMMER','30 STK. / ',NULL),(150152,'RENSEBENZIN','500 ML. / BORUP',NULL),(150157,'BORUP VAND','1 LTR. / DEMINERALISERET',NULL),(150160,'32% EDDIKESYRE','1 LTR. / BORUP',NULL),(150168,'LAMPEOLIE','1 LTR. / BORUP',NULL),(150170,'TÆNDVÆSKE','1 LTR. / BORUP GRILL',NULL),(150174,'SALMIAKSPIRITUS','500 ML. / BORUP 25%, 3 DOBBELT',NULL),(150185,'SPRIT','1 LTR. / BORUP 93% DENATURERET',NULL),(150188,'MINERALSK TERPENTIN','500 ML. / BORUP',NULL),(150193,'FLYDENDE AFLØBSRENS','1 LTR. / BORUP',NULL),(150197,'ACETONE','0.5 LTR. / BORUP',NULL),(151741,'SVUPPER','1 STK. / GUMMI OG TRÆ',NULL),(151807,'OPVASKEBØRSTE','1 STK. / HÅRMIX, GENANVENDT PLAST',NULL),(151808,'OPVASKEBØRSTE','1 STK. / NYLONHÅR, GENANVENDT PLAST',NULL),(151824,'VISKESTYKKER','2 STK. / 50X70 CM VAFLET',NULL),(151825,'KARKLUDE','3 STK. / 30X30 CM VAFLET',NULL),(151842,'OPVASKEBØRSTE RPP','1 STK. / MED UDSKIFTELIGT HOVED',NULL),(151843,'OPVASKEBØRSTEHOVED','1 STK. / RPP',NULL),(151955,'HUSHOLDNINGSGARN','40 MTR. / G. FUNDER',NULL),(152123,'TRÆKLEMMER','24 STK. / ',NULL),(152522,'TØJSNOR','20 MTR. / SISAL',NULL),(152545,'AFSTØVER','1 STK. / MICROFIBER',NULL),(152551,'VÅDRUMSSKRABER','1 STK. / NATURGUMMI',NULL),(152555,'FLASKERENSER','1 STK. / G. FUNDER',NULL),(152559,'VINDUESSKRABER','1 STK. / 35 CM',NULL),(152561,'TELESKOPSKAFT','1 STK. / MED GEVIND',NULL),(152566,'PLASTKLEMMER','12 STK. / GUMMIGREB',NULL),(152571,'OPVASKEBØRSTE','1 STK. / NYLONHÅR OG GUMMIKANT',NULL),(152572,'OPVASKEBØRSTE','1 STK. / NATURHÅR OG GUMMIKANT',NULL),(152573,'TOILETBØRSTE','1 STK. / GENANVENDT PLAST',NULL),(152580,'FEJEBAKKESÆT','1 STK. / GENANVENDT PLAST',NULL),(152581,'FEJEKOST','1 STK. / MED GEVIND',NULL),(152582,'GULVSKRUBBE','1 STK. / PLAST',NULL),(152615,'GUMMIHANDSKER','3 PAR / HUSHOLDNINGSHANDSKER',NULL),(153525,'SKOPUDSEMIDDEL','75 ML. / SHOE FINISH SORT FLYDENDE',NULL),(155422,'STÅLSVAMPE','2 STK. / MULTY, SPIRAL',NULL),(155577,'TPE HANDSKER','100 STK. / STR. L',NULL),(156535,'TÆNDSTIKKER','360 STK. / ZAPP',NULL),(158471,'BORUP AFKALKER','1 LTR. / LUGTFRI',NULL),(160006,'BABY & ME 1','200 ML. / ARLA',NULL),(160020,'SILIKONE SUTTER','2 STK. / MAM ORIGINAL, 0-6 MDR',NULL),(160024,'NAN EXPERTPRO HA 1','800 GR. / NESTLE',NULL),(160031,'NAN SENSILAC 2','800 GR. / NESTLE, EXPERTPRO ',NULL),(160032,'PASTA BOLOGNESE','185 GR. / LOVEMADE',NULL),(160033,'BULGUR RISOTTO','185 GR. / LOVEMADE',NULL),(160034,'BABY & ME 2','200 ML. / ARLA',NULL),(160035,'LASAGNE','185 GR. / LOVEMADE',NULL),(160036,'PASTA M/GRØNTSAGER','185 GR. / LOVEMADE',NULL),(160038,'RAGOUT','185 GR. / LOVEMADE',NULL),(160040,'RIS OG KYLLING I KARRY','185 GR. / LOVEMADE',NULL),(160041,'TEX MEX','185 GR. / LOVEMADE',NULL),(160065,'FLASKESUT','2 STK. / MAM TEATS, 2+ MDR',NULL),(160071,'AFTENGRØD','480 GR. / SEMPER, GULEROD OG PASTA',NULL),(160072,'HAVREGRØD','480 GR. / SEMPER, MILD & NATUREL',NULL),(160077,'FULDKORNSGRØD','480 GR. / SEMPER, MILD MED FRUGT',NULL),(160102,'SMOOTHIE','100 GR. / LOVEMADE, QUINOA & ÆBLE',NULL),(160107,'SMOOTHIE','100 GR. / LOVEMADE, QUINOA & MANGO',NULL),(160108,'PURÉE','100 GR. / LOVEMADE, QUINOA & ÆBLE',NULL),(160109,'GRØD','100 GR. / LOVEMADE, HAVRE & ÆBLE',NULL),(160110,'NAN PRO 1','800 GR. / NESTLE',NULL),(160111,'GRØD','100 GR. / LOVEMADE, HAVRE & JORDBÆR',NULL),(160115,'NAN PRO 2','800 GR. / NESTLE',NULL),(160120,'FULDKORNSGRØD','210 GR. / BABY & ME, GULEROD & GRÆSKAR',NULL),(160122,'HIRSEGRØD MED MAJS','210 GR. / BABY & ME',NULL),(160124,'FULDKORNSGRØD','210 GR. / BABY & ME, SPELT OG ÆBLE',NULL),(160180,'BABYMÆLK','1800 ML. / ARLA',NULL),(160187,'GRØD','120 GR. / SEMPER, PÆRE & MANGO',NULL),(160202,'SYRNET ALLOMIN 1','700 GR. / SEMPER',NULL),(160203,'SYRNET ALLOMIN 2','700 GR. / SEMPER',NULL),(160227,'GRØD SMOOTHIE','120 GR. / SEMPER, BLÅBÆR & ÆBLE',NULL),(160228,'GRØD','120 GR. / SEMPER, JORDBÆR & BANAN',NULL),(160235,'NAN SENSILAC 1','800 GR. / NESTLE, EXPERTPRO ',NULL),(160264,'GRØD','120 GR. / SEMPER, ÆBLE & HINDBÆR ',NULL),(160293,'SILIKONE SUTTER','2 STK. / MAM ORIGINAL, 6-16 MDR',NULL),(160294,'SILIKONE SUTTER','2 STK. / MAM AIR, 16-36 MDR',NULL),(160295,'SILIKONE SUTTER','2 STK. / MAM ORIGINAL NIGHT, 6-16 MDR',NULL),(160296,'SILIKONE SUTTER','2 STK. / MAM AIR, 6-16 MDR',NULL),(160317,'BABY & ME 1','400 GR. / ARLA',NULL),(160318,'BABY & ME 2','400 GR. / ARLA',NULL),(162967,'SUTTEFLASKE','1 STK. / MAM ANTI-COLIC, 260 ML',NULL),(162968,'FLASKESUT','2 STK. / MAM TEAT, 4+ MDR',NULL),(165122,'ALLOMIN 1','1200 ML. / SEMPER, 6-PAK',NULL),(165124,'ALLOMIN 2','1200 ML. / SEMPER, 6-PAK',NULL),(165125,'ALLOMIN 2','800 GR. / SEMPER',NULL),(165140,'ALLOMIN 1','800 GR. / SEMPER',NULL),(165141,'SMOOTHIE YOGHURT','90 GR. / SEMPER, BANAN OG JORDBÆR',NULL),(165169,'NAN 1 DRIKKEKLAR','200 ML. / NESTLE',NULL),(165174,'NAN 2 DRIKKEKLAR','200 ML. / NESTLE',NULL),(170113,'ISTERNINGEPOSER','20 STK. / SCHUR',NULL),(170173,'ALUBAKKER','6 STK. / ZAPP 4,5 DL',NULL),(170174,'DRYPBAKKER','5 STK. / ZAPP 1,2 LTR',NULL),(170175,'DRYPBAKKER','5 STK. / ZAPP 2,8 LTR',NULL),(170181,'AFFALDSSÆK','10 STK. / KLAR 100 LTR GENBRUGSPLAST',NULL),(170187,'TOILETPAPIR','705 GR. / LAMBI HVID 8 RULLER',NULL),(170192,'KØKKENRULLER','566 GR. / LAMBI HVID 4 RULLER',NULL),(172581,'LANGE TEFILTRE','50 STK. / SCHUR UBLEGEDE',NULL),(174660,'STEGEPOSER 10 LTR','5 STK. / ABENA',NULL),(176096,'TERMOPOSE','1 STK. / HOT & COOL 26,5 LTR',NULL),(176929,'AFFALDSSÆKKE','4 STK. / VÅDSTÆRKT MILJØVENLIGT PAPIR',NULL),(177244,'AFFALDSPOSER 15 LTR','22 STK. / SKRALD-LET MED SNØRELUKKE',NULL),(177245,'AFFALDSPOSER 20 LTR','20 STK. / SKRALD-LET MED SNØRELUKKE',NULL),(177247,'AFFALDSPOSER 30 LTR','15 STK. / SKRALD-LET MED GENBRUGSPLAST',NULL),(179631,'VINKARTON','1 STK. / TIL 1 FLASKE',NULL),(179632,'VINKARTON','1 STK. / TIL 2 FLASKER',NULL),(179633,'VINKARTON','1 STK. / TIL 3 FLASKER',NULL),(180053,'FIBERKOST','300 GR. / DEN ORIGINALE',NULL),(180097,'HAVREGRYN GROVVALSEDE','1 KG. / GRAM SLOT',NULL),(180099,'HAVREGRYN FINVALSEDE','1 KG. / GRAM SLOT',NULL),(180115,'HAVREGRYN GROVVALSEDE','1 KG. / VALSEMØLLEN',NULL),(180127,'ØKO GRANOLA M/BÆR','450 GR. / GRAM SLOT ',NULL),(180171,'MÜSLI M. ROSINER','750 GR. / ØKOLOGISK ',NULL),(180231,'SOLGRYN','700 GR. / OTA',NULL),(180617,'CORN FLAKES','500 GR. / KELLOGG\'S',NULL),(180636,'SPECIAL K','335 GR. / KELLOGG\'S',NULL),(180750,'CORNFLAKES','1 KG. / BRÜGGEN',NULL),(180911,'COCO POPS CHOCOS','330 GR. / KELLOGG\'S',NULL),(181014,'GULDKORN','320 GR. / ',NULL),(181016,'MUSLI','600 GR. / GRAM SLOT',NULL),(181050,'HAVRE FRAS','375 GR. / ',NULL),(181060,'RUGFRAS','375 GR. / ',NULL),(181106,'CHEERIOS OAT','375 GR. / NESTLE',NULL),(181110,'CHEERIOS MULTIGRAIN','375 GR. / NESTLE',NULL),(181625,'KIRSEBÆR MÜSLI','350 GR. / GRANOLA',NULL),(181810,'ØLLEBRØDSPULVER','500 GR. / STRUER',NULL),(182085,'GOLD ORIGINAL MÜSLI','750 GR. / AXA',NULL),(182151,'CRUESLI DARK CHOCO','450 GR. / QUAKER ',NULL),(183030,'MÜSLI','600 GR. / EASIS',NULL),(183035,'CORN FLAKES','375 GR. / EASIS',NULL),(183042,'CHOKO CRUNCH','350 GR. / EASIS',NULL),(183043,'CLASSIC CRUNCH','350 GR. / EASIS',NULL),(183201,'YMERDRYS','375 GR. / STRUER',NULL),(183205,'YMERDRYS M/SUKKER','500 GR. / STRUER',NULL),(190010,'FRESH & FINE M/TUNFISK','300 GR. / SHEBA',NULL),(190013,'TYGGERULLER','350 GR. / EXCELLENT PET',NULL),(190020,'KATTEFODER M/OKSE','100 GR. / EXCELLENT PET',NULL),(190022,'FRESH & FINE M/KYLLING','300 GR. / SHEBA',NULL),(190029,'KATTEFODER M/LAKS','100 GR. / EXCELLENT PET',NULL),(190030,'SOFTIES','150 GR. / BEST FRIEND',NULL),(190031,'KATTEFODER M/TORSK','100 GR. / EXCELLENT PET',NULL),(190032,'KATTEFODER, KYLLING','100 GR. / EXCELLENT PET',NULL),(190053,'TRÆFLAKES','5 LTR. / EXCELLENT PET',NULL),(190091,'TØRFODER M/KALV','2.4 KG. / VITA NATURE',NULL),(190098,'HUNDEKIKS M/OKSE','250 GR. / EXCELLENT PET',NULL),(190099,'KILLINGEFODER','750 GR. / EXCELLENT PET',NULL),(190161,'FROLIC MINI','1 KG. / ',NULL),(190242,'DREAMIES','60 GR. / KYLLING',NULL),(190335,'FILET MED KYLLING','60 GR. / SHEBA',NULL),(190460,'FRØSTÆNGER TIL GNAVERE','112 GR. / NATURA',NULL),(191027,'DENTASTIX','77 GR. / PEDIGREE',NULL),(191030,'RODEO M/OKSE','70 GR. / PEDIGREE',NULL),(194590,'KYLLINGE SNACK','80 GR. / EXCELLENT PET',NULL),(194591,'TYGGEBEN M/KYLLING','80 GR. / EXCELLENT PET',NULL),(194820,'FISKEFODER','100 ML. / NATURA',NULL),(195364,'KALV & KALKUN','85 GR. / SHEBA',NULL),(195370,'KYLLING PATE','85 GR. / SHEBA',NULL),(197710,'FODER TIL UNDULATER','1 KG. / NATURA',NULL),(198245,'FUGLESAND','2.5 KG. / NATURA',NULL),(198436,'FODER TIL GNAVERE','2.5 KG. / NATURA',NULL),(198500,'HUNDEFULDFODER','5 KG. / EXCELLENT PET, M/LAM',NULL),(198505,'HUNDEFULDFODER','9 KG. / EXCELLENT PET, KYLLING & LAKS',NULL),(198507,'KATTEFULDFODER','4 KG. / EXCELLENT PET, M/KYLLING',NULL),(198612,'ENGHØ','0.75 KG. / NATURA',NULL),(198622,'SPÅNER','1 KG. / NATURA',NULL),(200017,'HEINEKEN','33 CL. / ALKOHOLFRI',NULL),(200018,'HEINEKEN','1.98 LTR. / ALKOHOLFRI, 6 PAK',NULL),(200036,'REFSVINDINGE 5,7%','33 CL. / ALE NO. 16',NULL),(200039,'REFSVINDINGE 5,7%','1.98 LTR. / ALE NO.16, 6 PAK',NULL),(200046,'CARLS JUL 5,6%','33 CL. / ',NULL),(200047,'CARLS JUL 5,6%','1.98 LTR. / ',NULL),(200051,'BENEDIKTINER','50 CL. / WEISSBIER, ALKOHOLFRI',NULL),(200091,'CARLSBERG 4,6%','2 LTR. / 4 PAK',NULL),(200098,'GRØN TUBORG 4,6%','2 LTR. / 4 PAK',NULL),(200101,'GRØN TUBORG 4,6%','1.98 LTR. / 6 PAK',NULL),(200105,'GRØN TUBORG 4,6%','33 CL. / ',NULL),(200109,'GRØN TUBORG 4,6%','33 CL. / ',NULL),(200110,'WEISSBIER 5,4%','50 CL. / BENEDIKTINER',NULL),(200111,'TUBORG JULEBRYG 5,6%','33 CL. / ',NULL),(200115,'GRØN TUBORG 4,6%','50 CL. / ',NULL),(200119,'TUBORG CLASSIC 4,6%','50 CL. / ',NULL),(200130,'JULEBUK 6%','50 CL. / THISTED',NULL),(200131,'TUBORG JULEBRYG 5,6%','1.98 LTR. / ',NULL),(200140,'ALE NO. 24 6,5%','50 CL. / REFSVINDINGE',NULL),(200145,'YAKIMA IPA 6,5%','33 CL. / JACOBSEN',NULL),(200184,'EARLY BIRD 5,5%','50 CL. / APA',NULL),(200192,'BLACK BIRD 4,8%','50 CL. / ',NULL),(200204,'TUBORG JULEBRYG 5,6%','50 CL. / ',NULL),(200212,'MRS. BROWN ØL 5%','50 CL. / ',NULL),(200214,'LIMFJORDSPORTER 7,9%','50 CL. / THISTED',NULL),(200228,'LUX MØRK JULEBRYG 6,5%','50 CL. / ALBANI',NULL),(200229,'LUX GYLDEN JULEBRYG 5,2%','50 CL. / ALBANI',NULL),(200242,'HYTTE HYGGE 4,7%','50 CL. / BROWN ALE',NULL),(200243,'JULE MULE 4,7%','50 CL. / ',NULL),(200268,'GRAM SLOT CLASSIC 4,8%','50 CL. / ',NULL),(200269,'GRAM SLOT PILSNER 4,8%','50 CL. / ',NULL),(200312,'ELLEBRYG 0,5%','50 CL. / ALKOHOLFRI',NULL),(200313,'TUBORG CLASSIC 4,6%','1.98 LTR. / 6 PAK',NULL),(200317,'TUBORG CLASSIC 4,6%','33 CL. / ',NULL),(200326,'CARLSBERG PILSNER 4,6%','50 CL. / ',NULL),(200328,'1664 5%','33 CL. / BLANC',NULL),(200329,'1664 5%','1.98 LTR. / BLANC, 6 PAK',NULL),(200340,'MOSAIC IPA 5,7%','50 CL. / ALBANI',NULL),(200343,'JULEBRYG 5,7%','1.98 LTR. / HARBOE, 6 PAK',NULL),(200344,'JULEBRYG 5,7%','33 CL. / HARBOE',NULL),(200355,'PILSNER 4,4%','33 CL. / HARBOE',NULL),(200368,'EXTRA STRONG 7,7%','50 CL. / HARBOE',NULL),(200393,'HEINEKEN 4,6%','1.98 LTR. / 6 PAK',NULL),(200394,'HEINEKEN 4,6%','33 CL. / ',NULL),(200400,'ROYAL EXPORT 5,4%','33 CL. / ',NULL),(200402,'ROYAL EXPORT 5,4%','1.98 LTR. / 6 PAK',NULL),(200412,'ROYAL EXPORT 5,4%','56.8 CL. / ',NULL),(200436,'H.C.ANDERSEN 9%','50 CL. / ',NULL),(200439,'GIRAF BLACK 10%','50 CL. / ',NULL),(200447,'ROYAL CLASSIC 4,8%','33 CL. / ',NULL),(200448,'ROYAL CLASSIC 4,8%','1.98 LTR. / 6 PAK',NULL),(200456,'CLASSIC 4,6%','33 CL. / HARBOE',NULL),(200463,'HARBOE 4,6%','1.98 LTR. / CLASSIC 6 PAK',NULL),(200600,'CARLSBERG 4,6%','33 CL. / PILSNER ',NULL),(200603,'MASTER BREW 10,5%','50 CL. / CARLSBERG',NULL),(200606,'TUBORG GULD 5,6%','1.98 LTR. / 6 PAK',NULL),(200609,'TUBORG GULD 5,6%','33 CL. / ',NULL),(200616,'JULEELG 5,8%','50 CL. / THISTED',NULL),(200620,'TUBORG CLASSIC 4,6%','50 CL. / ØKOLOGISK',NULL),(200633,'IPA 4,8%','33 CL. / ROYAL',NULL),(200634,'IPA 4,8%','1.98 LTR. / ROYAL 6 PAK',NULL),(200640,'TUBORG GULD 5,6%','50 CL. / ',NULL),(200642,'ELEPHANT 7,2%','50 CL. / CARLSBERG',NULL),(200654,'JULESNE 5,8%','50 CL. / THISTED',NULL),(200670,'HARBOE PILSNER','33 CL. / ALKOHOLFRI 0,0%',NULL),(200671,'HARBOE PILSNER','1.98 LTR. / ALKOHOLFRI, 6 PAK',NULL),(200703,'HARBOE PILSNER 4,6%','1.98 LTR. / 6 PAK',NULL),(200705,'HARBOE 4,6%','33 CL. / PILSNER',NULL),(200708,'HARBOE GULDØL 5,7%','33 CL. / ',NULL),(200710,'HARBOE GULDØL 5,7%','1.98 LTR. / 6 PAK',NULL),(200750,'PILSNER URQUELL 4,4%','50 CL. / ',NULL),(200751,'WEISSBIER 5,3%','50 CL. / ERDINGER',NULL),(200836,'ROYAL CLASSIC','33 CL. / 0,0',NULL),(200837,'ROYAL CLASSIC','1.98 LTR. / 0,0 6 PAK',NULL),(200855,'CORONA 4,5%','35.5 CL. / EXTRA',NULL),(200878,'GRIMBERGEN 6,7%','33 CL. / BLONDE',NULL),(200880,'GRIMBERGEN 6,5%','33 CL. / DOUBLE',NULL),(200883,'GRIMBERGEN NOËL 6,5%','75 CL. / ',NULL),(200887,'KB HVIDTØL 1,7%','33 CL. / ',NULL),(200888,'KB HVIDTØL 1,7%','198 CL. / 6 PAK',NULL),(200896,'JACOBSEN 8,9%','75 CL. / JACOBSEN',NULL),(200897,'JACOBSEN 7,5%','75 CL. / CHRISTMAS ALE',NULL),(200920,'BROWN ALE 4,7%','50 CL. / NEWCASTLE',NULL),(200941,'SVANEKE JULEBRYG 5,7%','50 CL. / ',NULL),(200943,'DAMM DAURA 5,4%','33 CL. / ',NULL),(200947,'JULEBRYG 0,5%','50 CL. / DON\'T WORRY',NULL),(200965,'FYNSK FORÅR 5%','50 CL. / ØRBÆK',NULL),(200990,'MØRK GULD JUL 5,7%','50 CL. / SVANEKE',NULL),(201003,'PILSNER 4,6%','33 CL. / CARLSBERG',NULL),(201014,'PILSNER 4,6%','1.98 LTR. / CARLSBERG, 6 PAK',NULL),(201026,'BOSTON 5,8%','50 CL. / AMERICAN PALE ALE',NULL),(201075,'HVID X-MAS 5,6%','198 CL. / ROYAL, 6 PAK',NULL),(201076,'HVID X-MAS 5,6%','33 CL. / ROYAL',NULL),(201086,'BLÅ X-MAS 5,6%','1 STK. / ROYAL, 6 PAK',NULL),(201087,'BLÅ X-MAS 5,6%','33 CL. / ROYAL',NULL),(201275,'GB JUL 8,5%','75 CL. / ',NULL),(201280,'GB TRIPEL 8,5%','75 CL. / ',NULL),(201288,'GB IPA 8%','75 CL. / ',NULL),(201557,'NORDIC PILSNER','33 CL. / CARLSBERG 0,0%',NULL),(201558,'NORDIC PILSNER','1.98 LTR. / ',NULL),(202400,'ÅRGANGSØL 10,6%','50 CL. / WIIBROE',NULL),(202470,'ÅRGANGSBRYG 10%','50 CL. / HARBOE',NULL),(203022,'JULEHVIDTØL 1,9%','33 CL. / CERES',NULL),(203024,'JULEHVIDTØL 1,9%','198 CL. / CERES, 6 PAK',NULL),(203060,'KONGENS BRYG 1,7%','33 CL. / HVIDTØL',NULL),(204110,'CARLSBERG 47 7%','50 CL. / ',NULL),(204130,'TUBORG','33 CL. / 0,0%',NULL),(204131,'TUBORG 0,0%','1.98 LTR. / 6 PAK',NULL),(204134,'TUBORG','33 CL. / CLASSIC 0,0%',NULL),(204135,'TUBORG 6 PAK','1.98 LTR. / CLASSIC 0,0%',NULL),(210013,'BLUE KELD','50 CL. / HINDBÆR JORDBÆR',NULL),(210024,'TONIC WATER','20 CL. / THOMAS HENRY',NULL),(210096,'INDIAN TONIC','1 LTR. / NORNIR',NULL),(210097,'LEMON','1 LTR. / NORNIR',NULL),(210158,'BLUE KELD','50 CL. / BFREE',NULL),(210168,'LEMON INGEFÆR','33 CL. / EGO',NULL),(210173,'LIME HYLDEBLOMST','33 CL. / EGO',NULL),(210174,'LIME HYLDEBLOMST','1.98 LTR. / EGO, 6 PAK',NULL),(210330,'APPELSIN/ABRIKOS','1 LTR. / NORNIR',NULL),(210342,'SHAKER 4%','27.5 CL. / SPORT',NULL),(210380,'EGO','33 CL. / BLODAPPELSIN',NULL),(210381,'EGO 6 PAK','1.98 LTR. / BLODAPPELSIN',NULL),(210398,'VITAMIN GUAVA','1 LTR. / BLUE KELD',NULL),(210399,'VITAMIN LEMON LIME','1 LTR. / BLUE KELD',NULL),(210444,'STATE ENERGY','40 CL. / LIME/ORANGE',NULL),(210448,'STATE ENERGY','40 CL. / PINEAPPLE',NULL),(210460,'VITAMIN WELL','50 CL. / ANTIOXIDANT',NULL),(211152,'SQUASH ORANGE','33 CL. / HARBOE',NULL),(211155,'GINGER BEER','33 CL. / CARIBIA',NULL),(211186,'PEPSI MAX','50 CL. / ',NULL),(211190,'FAXE KONDI','50 CL. / 0 KALORIER',NULL),(211194,'FAXE KONDI','50 CL. / APPELSIN 0',NULL),(211198,'FAXE KONDI','33 CL. / 0 KCAL',NULL),(211238,'FAXE KONDI','50 CL. / ',NULL),(211240,'PEPSI MAX','33 CL. / ',NULL),(211242,'PEPSI MAX','1.98 LTR. / 6 PAK',NULL),(211243,'FAXE KONDI','1.98 LTR. / 0 KCAL, 6 PAK',NULL),(211342,'FANTA LEMON','50 CL. / NO SUGAR',NULL),(211590,'BLUE KELD SIMPLE','1 LTR. / ICETEA FERSKEN',NULL),(211592,'ICE TEA LEMON','1 LTR. / BLUE KELD',NULL),(212607,'COCA COLA','50 CL. / ZERO SUGAR',NULL),(212612,'COCA COLA','50 CL. / ORIGINAL',NULL),(212613,'COCA COLA','33 CL. / ORIGINAL',NULL),(212616,'COCA COLA','33 CL. / ZERO SUGAR',NULL),(212617,'FANTA ORANGE','33 CL. / ',NULL),(212650,'COCA COLA','1.98 LTR. / ZERO SUGAR, 6 PAK',NULL),(212652,'COCA COLA','1.98 LTR. / ORIGINAL, 6 PAK',NULL),(212656,'FANTA ORANGE','1.98 LTR. / 6 PAK',NULL),(213302,'INDIAN TONIC','50 CL. / HARBOE',NULL),(213303,'BLÅ BÆRBRUS','50 CL. / NUL SUKKER',NULL),(213304,'BLÅ BÆRBRUS','3 LTR. / NUL SUKKER, 6 PAK',NULL),(213305,'ABRIKOSBRUS','50 CL. / HARBOE',NULL),(213310,'AMERICAN COLA','50 CL. / HARBOE',NULL),(213315,'HINDBÆRBRUS','50 CL. / HARBOE',NULL),(213325,'ANANASBRUS','50 CL. / HARBOE',NULL),(213345,'COLA NUL SUKKER','50 CL. / HARBOE',NULL),(213351,'INDIAN TONIC','3 LTR. / HARBOE, 6 PAK',NULL),(213352,'CITRONBRUS','50 CL. / HARBOE',NULL),(213353,'CITRONBRUS','3 LTR. / HARBOE, 6 PAK',NULL),(213355,'COLA','3 LTR. / HARBOE, 6 PAK',NULL),(213358,'COLA NUL SUKKER','3 LTR. / HARBOE, 6 PAK',NULL),(213360,'HINDBÆRBRUS','3 LTR. / HARBOE, 6 PAK',NULL),(213363,'SPORTSBRUS','50 CL. / NUL SUKKER',NULL),(213364,'SPORTSBRUS 6 PAK','3 LTR. / NUL SUKKER',NULL),(213366,'ABRIKOSBRUS','3 LTR. / HARBOE, 6 PAK',NULL),(213368,'ANANASBRUS','3 LTR. / HARBOE, 6 PAK',NULL),(213378,'TOPFORM NUL SUKKER','50 CL. / HARBOE',NULL),(213382,'SQUASH ORANGE','50 CL. / HARBOE, NUL SUKKER',NULL),(213383,'SQUASH ORANGE','3 LTR. / NUL SUKKER, 6 PAK',NULL),(213385,'GRAPEBRUS','50 CL. / HARBOE,  NUL SUKKER',NULL),(213387,'GRAPEBRUS','3 LTR. / 6 PAK, NUL SUKKER',NULL),(213625,'MINERALVAND','2 LTR. / NORNIR UDEN BRUS',NULL),(213751,'BLUE KELD','1 LTR. / HINDBÆR JORDBÆR',NULL),(213804,'BLUE KELD','1 LTR. / BFREE LEMON LIME',NULL),(213835,'COCA COLA','1.5 LTR. / ORIGINAL',NULL),(213846,'FANTA EXOTIC','1.5 LTR. / ',NULL),(213860,'FANTA','1.5 LTR. / ORANGE',NULL),(213865,'COCA COLA ZERO','1.5 LTR. / ZERO SUGAR',NULL),(213942,'PEPSI MAX','1.5 LTR. / ',NULL),(214110,'DANSKVAND MED BRUS','2 LTR. / NORNIR, CITRUS',NULL),(214115,'MINERALVAND','2 LTR. / NORNIR MED BRUS',NULL),(214125,'DANSKVAND CITRUS','50 CL. / NORNIR MED BRUS',NULL),(214130,'MINERALVAND','50 CL. / NORNIR MED BRUS',NULL),(214134,'NORNIR DANSKVAND','50 CL. / RABARBER/HINDBÆR',NULL),(214138,'NORNIR VAND','50 CL. / ANANAS SMAG',NULL),(214140,'DANSKVAND','50 CL. / NORNIR, BLÅBÆR',NULL),(214337,'SCHWEPPES LEMON','1.25 LTR. / ',NULL),(214405,'FAXE KONDI','1.5 LTR. / ',NULL),(214413,'FAXE KONDI','1.5 LTR. / APPELSIN 0 KCAL',NULL),(214415,'FAXE KONDI','1.5 LTR. / 0  KALORIER',NULL),(214450,'FAXE KONDI','33 CL. / ',NULL),(214455,'FAXE KONDI','1.98 LTR. / 6 PAK',NULL),(214473,'PEPSI MAX','1.5 LTR. / LIME',NULL),(215520,'EGEKILDE, BLÅ','70 CL. / UDEN BRUS',NULL),(215532,'HYLDEBLOMST','33 CL. / EGEKILDE',NULL),(215533,'HINDBÆR','33 CL. / EGEKILDE',NULL),(215534,'EGEKILDE MED BRUS','33 CL. / CITRUS',NULL),(215538,'HYLDEBLOMST & LIME','1.98 LTR. / EGEKILDE ',NULL),(215539,'HINDBÆR/RABARBER','1.98 LTR. / EGEKILDE',NULL),(215541,'EGEKILDE MED BRUS','1.98 LTR. / CITRUS, 6 PAK',NULL),(215542,'ONE GUAVA','50 CL. / ',NULL),(215548,'ONE ENERGY','25 CL. / ',NULL),(215549,'ONE ENERGY','25 CL. / SUGARFREE',NULL),(215578,'MONSTER','50 CL. / ENERGY GREEN',NULL),(215603,'EGEKILDE','33 CL. / FERSKEN/HAVTORN',NULL),(215604,'EGEKILDE 6-PK','1.98 LTR. / FERSKEN/HAVTORN',NULL),(215640,'TOPFORM','33 CL. / HARBOE',NULL),(215641,'EXOTIC','33 CL. / HARBOE',NULL),(215642,'COLA','33 CL. / HARBOE',NULL),(215643,'CLOUDY LEMON','33 CL. / HARBOE',NULL),(215644,'COLA NUL SUKKER','33 CL. / HARBOE',NULL),(215662,'COLA','1.5 LTR. / HARBOE',NULL),(215664,'SQUASH NUL SUKKER','1.5 LTR. / HARBOE',NULL),(215666,'TOPFORM NUL SUKKER','1.5 LTR. / HARBOE',NULL),(215668,'COLA NUL SUKKER','1.5 LTR. / HARBOE',NULL),(215670,'TOPFORM','1.5 LTR. / HARBOE',NULL),(215672,'SQUASH ORANGE','1.5 LTR. / HARBOE',NULL),(215676,'HINDBÆR NUL SUKKER','1.5 LTR. / HARBOE',NULL),(215677,'HARBOE EXOTIC','1.5 LTR. / NUL SUKKER',NULL),(217015,'CULT MOKAI 4,5%','27.5 CL. / HYLDEBLOMST',NULL),(217026,'SHAKER 4%','27.5 CL. / PASSION',NULL),(218518,'ÆBLECIDER 0,8%','1.5 LTR. / HARBOE',NULL),(219015,'SOMERSBY CIDER 4,5%','33 CL. / APPLE',NULL),(219026,'YELLOW DREAM 4%','25 CL. / MANGO PASSION',NULL),(219036,'RED LOVE 4,4%','25 CL. / RTD',NULL),(220018,'SLOTSÆG','6 STK. / VALLØ',NULL),(220032,'SKRABEÆG','15 STK. / STR. S/M',NULL),(224232,'FRILANDS BRUNCHÆG','4 STK. / STR. L/XL',NULL),(224233,'SKRABEÆG','10 STK. / STR. M/L',NULL),(224239,'LIVSKRAFT SKRABEÆG','8 STK. / STR. M/L',NULL),(224242,'FRILANDSÆG','6 STK. / STR. M/L',NULL),(225515,'ØKOLOGISKE ÆG','10 STK. / STR. M/L',NULL),(225528,'ÆGGEBLOMMER','160 GR. / PASTEURISEREDE',NULL),(225530,'ÆGGEHVIDER','160 GR. / PASTEURISEREDE',NULL),(225533,'ÆGGESTAND','125 GR. / ØKOLOGISK',NULL),(225534,'HELÆG','180 GR. / PASTEURISEREDE',NULL),(230000,'STEGE OG BAGE MARGARINE','500 GR. / AMA',NULL),(231613,'FLYDENDE MARGARINE','500 ML. / AMA RAPSOLIE',NULL),(232111,'BECEL SMØRBAR','250 GR. / LET',NULL),(232125,'SVINEFEDT','500 GR. / DRAGSBÆK',NULL),(232126,'FEDT MED LØG','200 GR. / OK',NULL),(232127,'FEDTEGREVER','100 GR. / BEDSTEMORS',NULL),(232130,'PALMIN','500 GR. / DRAGSBÆK',NULL),(240006,'ENGLISH EARL GREY','50 STK. / FREDSTED',NULL),(240092,'VARIATION BOX','30 GR. / PICKWICK, ORANGE',NULL),(240162,'KRYDRET JULETE','100 GR. / FREDSTED',NULL),(240228,'KRYDRET JULETE','30 GR. / FREDSTED, 20 BREVE',NULL),(240239,'SORT TE','30 GR. / FREDSTED, IRISH CREAM ',NULL),(240240,'URTETE','30 GR. / FREDSTED, INGEFÆR & CITRON',NULL),(240243,'SORT TE','30 GR. / FREDSTED, RABARBER ',NULL),(240251,'GRØN TE MED CITRON','24 GR. / FREDSTED',NULL),(240269,'URTETE','30 GR. / FREDSTED, LAKRIDS MINT ',NULL),(240284,'NESQUIK REFILL','400 GR. / NESTLE',NULL),(240291,'GOLD REFILL','210 GR. / NESCAFE',NULL),(240631,'SKINNY CHAI LATTE','136 GR. / FREDSTED, KRYDRET',NULL),(240633,'SKINNY CHAI LATTE','136 GR. / FREDSTED, KARAMEL',NULL),(240637,'MIN EGEN BLANDING TE','200 GR. / FREDSTED',NULL),(240640,'CHAI LATTE GRØN TE','208 GR. / FREDSTED',NULL),(240644,'CHAI LATTE KRYDRET','208 GR. / FREDSTED',NULL),(240645,'CHAI KARAMEL','208 GR. / FREDSTED',NULL),(240648,'CHAI LATTE VANILJE','208 GR. / FREDSTED',NULL),(240925,'TEBREVE','50 GR. / MEDOVA',NULL),(241340,'CITRON - GRØN TE','40 GR. / PICKWICK',NULL),(241364,'EARL GREY TE','40 GR. / PICKWICK',NULL),(241495,'BLACK TEA BLEND','40 GR. / PICKWICK',NULL),(241518,'FOREST FRUIT','30 GR. / PICKWICK',NULL),(241526,'VARIATION BOX','30 GR. / PICKWICK, RØD',NULL),(241535,'LIQUORICE','40 GR. / PICKWICK',NULL),(248017,'INSTANT KAFFE','200 GR. / GEVALIA',NULL),(248524,'GOLD KOFFEINFRI','100 GR. / NESCAFE',NULL),(248530,'GOLD','100 GR. / NESCAFE ',NULL),(248580,'CHOCO HOT CREAMY','192 GR. / NESTLE',NULL),(250061,'ANDELÅR','180 GR. / ',NULL),(250062,'ANDEBRYST','160 GR. / ',NULL),(250344,'KYLLINGESPYD','240 GR. / M. TERIYAKI ',NULL),(251445,'AND','2800 GR. / 2800G',NULL),(251495,'HEL AND','3000 GR. / 3000G',NULL),(252015,'ANDEBRYSTSTEG','600 GR. / ',NULL),(260079,'SKILDPADDE ISLAGKAGE','1300 ML. / TOMS ',NULL),(260239,'ISVAFFEL MED SALTKARMEL','520 ML. / NATURLI´',NULL),(260250,'COOKIE DOUGH','480 ML. / NATURLI’     ',NULL),(260251,'BROWNIE','480 ML. / NATURLI`',NULL),(260255,'CHOCOS-MARCIPANOS','480 ML. / NATURLI\'',NULL),(260507,'ISBAR MED MØRK CHOKOLADE','250 ML. / EASIS',NULL),(260508,'MANDEL IS','252 ML. / EASIS',NULL),(260516,'VANILLE IS','750 ML. / EASIS ',NULL),(260522,'COOKIE DOUGH','750 ML. / EASIS ',NULL),(260971,'YANKIE ISBAR','250 ML. / PREMIER IS',NULL),(261080,'SKILDPADDE IS','750 ML. / PREMIER IS',NULL),(261170,'VANILJE FLØDEIS','750 ML. / RØNBJERG ',NULL),(261173,'NOUGAT FLØDEIS','750 ML. / RØNBJERG  ',NULL),(261174,'FLØDEIS JORDBÆR','750 ML. / RØNBJERG',NULL),(261175,'STRACCIATELLA FLØDEIS','750 ML. / RØNBJERG ',NULL),(261180,'JORDBÆRSTANG M/CHO.','300 ML. / RØNBJERG',NULL),(261184,'SOLBÆRDRØM','300 ML. / RØNBJERG',NULL);
/*!40000 ALTER TABLE `product` ENABLE KEYS */;
UNLOCK TABLES;

--
-- Table structure for table `productimage`
--

DROP TABLE IF EXISTS `productimage`;
/*!40101 SET @saved_cs_client     = @@character_set_client */;
/*!50503 SET character_set_client = utf8mb4 */;
CREATE TABLE `productimage` (
  `image_id` int NOT NULL AUTO_INCREMENT,
  `image_url` varchar(256) CHARACTER SET utf8mb4 COLLATE utf8mb4_unicode_ci NOT NULL,
  `product_id` int NOT NULL,
  PRIMARY KEY (`image_id`),
  KEY `Productimage_product_id_fkey` (`product_id`),
  CONSTRAINT `Productimage_product_id_fkey` FOREIGN KEY (`product_id`) REFERENCES `product` (`product_id`) ON DELETE RESTRICT ON UPDATE CASCADE
) ENGINE=InnoDB AUTO_INCREMENT=884 DEFAULT CHARSET=utf8mb4 COLLATE=utf8mb4_unicode_ci;
/*!40101 SET character_set_client = @saved_cs_client */;

--
-- Dumping data for table `productimage`
--

LOCK TABLES `productimage` WRITE;
/*!40000 ALTER TABLE `productimage` DISABLE KEYS */;
INSERT INTO `productimage` VALUES (1,'https://d2dql7oeescq6w.cloudfront.net/100004/1-small-OJq52ElK9p.webp',100004),(2,'https://d2dql7oeescq6w.cloudfront.net/100021/1-small-bJ9YabA09L.webp',100021),(3,'https://d2dql7oeescq6w.cloudfront.net/100043/1-small-dyom8YgePV.webp',100043),(4,'https://d2dql7oeescq6w.cloudfront.net/100049/1-small-xQq8gkLnoZ.webp',100049),(5,'https://d2dql7oeescq6w.cloudfront.net/100061/1-small-Z8qplNkAq3.webp',100061),(6,'https://d2dql7oeescq6w.cloudfront.net/100065/1-small-bJ9Yab309L.webp',100065),(7,'https://d2dql7oeescq6w.cloudfront.net/100118/1-small-2B943018qk.webp',100118),(8,'https://d2dql7oeescq6w.cloudfront.net/100225/1-small-Ea91ZdaWPz.webp',100225),(9,'https://d2dql7oeescq6w.cloudfront.net/100229/1-small-pYqxnMw5P1.webp',100229),(10,'https://d2dql7oeescq6w.cloudfront.net/100232/1-small-nDPWJ78p9W.webp',100232),(11,'https://d2dql7oeescq6w.cloudfront.net/100258/1-small-3MovlBL49A.webp',100258),(12,'https://d2dql7oeescq6w.cloudfront.net/100285/1-small-we9EOBV6og.webp',100285),(13,'https://d2dql7oeescq6w.cloudfront.net/100346/1-small-kAonlXD09x.webp',100346),(14,'https://d2dql7oeescq6w.cloudfront.net/100347/1-small-3MoMVQjYq5.webp',100347),(15,'https://d2dql7oeescq6w.cloudfront.net/100348/1-small-OJq52EKl9p.webp',100348),(16,'https://d2dql7oeescq6w.cloudfront.net/100385/1-small-we9EOBRQog.webp',100385),(17,'https://d2dql7oeescq6w.cloudfront.net/100387/1-small-dyom8Y47PV.webp',100387),(18,'https://d2dql7oeescq6w.cloudfront.net/100457/1-small-wyPbjnxLPE.webp',100457),(19,'https://d2dql7oeescq6w.cloudfront.net/100501/1-small-ElPB1pvY9k.webp',100501),(20,'https://d2dql7oeescq6w.cloudfront.net/100511/1-small-A5qVzlGLqa.webp',100511),(21,'https://d2dql7oeescq6w.cloudfront.net/100534/1-small-yLqGaM61Pd.webp',100534),(22,'https://d2dql7oeescq6w.cloudfront.net/100555/1-small-A5qVzlVLqa.webp',100555),(23,'https://d2dql7oeescq6w.cloudfront.net/100560/1-small-6xqAz32D9D.webp',100560),(24,'https://d2dql7oeescq6w.cloudfront.net/100601/1-small-ElPB1pV89k.webp',100601),(25,'https://d2dql7oeescq6w.cloudfront.net/100707/1-small-v09gy8R0oA.webp',100707),(26,'https://d2dql7oeescq6w.cloudfront.net/100741/1-small-we9EOMOAog.webp',100741),(27,'https://d2dql7oeescq6w.cloudfront.net/10076/1-small-nDPWrDp9Wa.webp',10076),(28,'https://d2dql7oeescq6w.cloudfront.net/100779/1-small-Gb9kMz6Do7.webp',100779),(29,'https://d2dql7oeescq6w.cloudfront.net/100781/1-small-JzPJnEvxPk.webp',100781),(30,'https://d2dql7oeescq6w.cloudfront.net/100782/1-small-MBoNnVpAov.webp',100782),(31,'https://d2dql7oeescq6w.cloudfront.net/100797/1-small-aboK8KMmqp.webp',100797),(32,'https://d2dql7oeescq6w.cloudfront.net/100799/1-small-A5qVzQ6pqa.webp',100799),(33,'https://d2dql7oeescq6w.cloudfront.net/100807/1-small-v09gy8jjoA.webp',100807),(34,'https://d2dql7oeescq6w.cloudfront.net/100808/1-small-NpP7kDb0PO.webp',100808),(35,'https://d2dql7oeescq6w.cloudfront.net/100809/1-small-aboK8K7gqp.webp',100809),(36,'https://d2dql7oeescq6w.cloudfront.net/100825/1-small-Ea91Zgm4Pz.webp',100825),(37,'https://d2dql7oeescq6w.cloudfront.net/100830/1-small-869D7nxEqM.webp',100830),(38,'https://d2dql7oeescq6w.cloudfront.net/100851/1-small-v09gy8ljoA.webp',100851),(39,'https://d2dql7oeescq6w.cloudfront.net/100914/1-small-3MovlaQX9A.webp',100914),(40,'https://d2dql7oeescq6w.cloudfront.net/100998/1-small-Al90WrKBq8.webp',100998),(41,'https://d2dql7oeescq6w.cloudfront.net/101109/1-small-aboK8KGwqp.webp',101109),(42,'https://d2dql7oeescq6w.cloudfront.net/101318/1-small-2B943RO6qk.webp',101318),(43,'https://d2dql7oeescq6w.cloudfront.net/101386/1-small-A4Py0Nwy9L.webp',101386),(44,'https://d2dql7oeescq6w.cloudfront.net/101389/1-small-ElPB1wKn9k.webp',101389),(45,'https://d2dql7oeescq6w.cloudfront.net/101425/1-small-Ea91Zgx5Pz.webp',101425),(46,'https://d2dql7oeescq6w.cloudfront.net/101437/1-small-JzPJnEbbPk.webp',101437),(47,'https://d2dql7oeescq6w.cloudfront.net/101446/1-small-kAonlzR09x.webp',101446),(48,'https://d2dql7oeescq6w.cloudfront.net/101451/1-small-v09gy87voA.webp',101451),(49,'https://d2dql7oeescq6w.cloudfront.net/101454/1-small-Al90Wrxwq8.webp',101454),(50,'https://d2dql7oeescq6w.cloudfront.net/101461/1-small-Z8qplzGJq3.webp',101461),(51,'https://d2dql7oeescq6w.cloudfront.net/101462/1-small-2B943RJlqk.webp',101462),(52,'https://d2dql7oeescq6w.cloudfront.net/101464/1-small-AKqebM1j9p.webp',101464),(53,'https://d2dql7oeescq6w.cloudfront.net/101607/1-small-v09gy8KxoA.webp',101607),(54,'https://d2dql7oeescq6w.cloudfront.net/101612/1-small-18oXzJxY9k.webp',101612),(55,'https://d2dql7oeescq6w.cloudfront.net/10169/1-small-Ea915159zY.webp',10169),(56,'https://d2dql7oeescq6w.cloudfront.net/10171/1-small-OW9Ogly9gE.webp',10171),(57,'https://d2dql7oeescq6w.cloudfront.net/10236/1-small-7doLOp2P6r.webp',10236),(58,'https://d2dql7oeescq6w.cloudfront.net/10237/1-small-JzPJ5RB9kb.webp',10237),(59,'https://d2dql7oeescq6w.cloudfront.net/102515/1-small-KpqRrGgbqL.webp',102515),(60,'https://d2dql7oeescq6w.cloudfront.net/102520/1-small-AKqebM5j9p.webp',102520),(61,'https://d2dql7oeescq6w.cloudfront.net/102870/1-small-kOq3bOXNo6.webp',102870),(62,'https://d2dql7oeescq6w.cloudfront.net/103101/1-small-ElPB1jaj9k.webp',103101),(63,'https://d2dql7oeescq6w.cloudfront.net/103586/1-small-A4Py0ZRy9L.webp',103586),(64,'https://d2dql7oeescq6w.cloudfront.net/103589/1-small-ElPB1j5n9k.webp',103589),(65,'https://d2dql7oeescq6w.cloudfront.net/103593/1-small-xQq8gOA2oZ.webp',103593),(66,'https://d2dql7oeescq6w.cloudfront.net/104050/1-small-vVoryd5WP3.webp',104050),(67,'https://d2dql7oeescq6w.cloudfront.net/104170/1-small-kOq3bOaVo6.webp',104170),(68,'https://d2dql7oeescq6w.cloudfront.net/104212/1-small-18oXzp7O9k.webp',104212),(69,'https://d2dql7oeescq6w.cloudfront.net/104336/1-small-7doL56gpq6.webp',104336),(70,'https://d2dql7oeescq6w.cloudfront.net/104339/1-small-zOPlGXwJ9R.webp',104339),(71,'https://d2dql7oeescq6w.cloudfront.net/104345/1-small-ElPB1jLQ9k.webp',104345),(72,'https://d2dql7oeescq6w.cloudfront.net/104346/1-small-kAonlJn59x.webp',104346),(73,'https://d2dql7oeescq6w.cloudfront.net/105040/1-small-rQqQleRboe.webp',105040),(74,'https://d2dql7oeescq6w.cloudfront.net/105041/1-small-we9EOel8og.webp',105041),(75,'https://d2dql7oeescq6w.cloudfront.net/105199/1-small-A5qVz4Bpqa.webp',105199),(76,'https://d2dql7oeescq6w.cloudfront.net/106311/1-small-A5qVz4Glqa.webp',106311),(77,'https://d2dql7oeescq6w.cloudfront.net/106412/1-small-18oXz4jO9k.webp',106412),(78,'https://d2dql7oeescq6w.cloudfront.net/106455/1-small-A5qVz4w3qa.webp',106455),(79,'https://d2dql7oeescq6w.cloudfront.net/108057/1-small-wyPbjJ8gPE.webp',108057),(80,'https://d2dql7oeescq6w.cloudfront.net/108222/1-small-pyozdRvz9X.webp',108222),(81,'https://d2dql7oeescq6w.cloudfront.net/108618/1-small-2B943DWGqk.webp',108618),(82,'https://d2dql7oeescq6w.cloudfront.net/108684/1-small-rQqQlbnwoe.webp',108684),(83,'https://d2dql7oeescq6w.cloudfront.net/108686/1-small-A4Py0vAA9L.webp',108686),(84,'https://d2dql7oeescq6w.cloudfront.net/108740/1-small-rQqQlbdYoe.webp',108740),(85,'https://d2dql7oeescq6w.cloudfront.net/108852/1-small-NpP7k2pMPO.webp',108852),(86,'https://d2dql7oeescq6w.cloudfront.net/108853/1-small-aboK8RGwqp.webp',108853),(87,'https://d2dql7oeescq6w.cloudfront.net/109006/1-small-vVory3NJP3.webp',109006),(88,'https://d2dql7oeescq6w.cloudfront.net/109083/1-small-zOPlG4J09R.webp',109083),(89,'https://d2dql7oeescq6w.cloudfront.net/109216/1-small-6xqAzRwj9D.webp',109216),(90,'https://d2dql7oeescq6w.cloudfront.net/109223/1-small-MNqZn6eJqA.webp',109223),(91,'https://d2dql7oeescq6w.cloudfront.net/109251/1-small-v09gy4LGoA.webp',109251),(92,'https://d2dql7oeescq6w.cloudfront.net/110001/1-small-ElPB1dz19k.webp',110001),(93,'https://d2dql7oeescq6w.cloudfront.net/11002/1-small-kAonNEMox8.webp',11002),(94,'https://d2dql7oeescq6w.cloudfront.net/110032/1-small-nDPWJ6gK9W.webp',110032),(95,'https://d2dql7oeescq6w.cloudfront.net/110034/1-small-yLqGaxOZPd.webp',110034),(96,'https://d2dql7oeescq6w.cloudfront.net/110045/1-small-ElPB1dX19k.webp',110045),(97,'https://d2dql7oeescq6w.cloudfront.net/110067/1-small-MNqZn6L1qA.webp',110067),(98,'https://d2dql7oeescq6w.cloudfront.net/110070/1-small-kOq3bmGJo6.webp',110070),(99,'https://d2dql7oeescq6w.cloudfront.net/110082/1-small-MBoNnadWov.webp',110082),(100,'https://d2dql7oeescq6w.cloudfront.net/110084/1-small-rQqQlbOxoe.webp',110084),(101,'https://d2dql7oeescq6w.cloudfront.net/110144/1-small-xePwydVdqw.webp',110144),(102,'https://d2dql7oeescq6w.cloudfront.net/110156/1-small-18oXzd6E9k.webp',110156),(103,'https://d2dql7oeescq6w.cloudfront.net/110285/1-small-we9EOjvQog.webp',110285),(104,'https://d2dql7oeescq6w.cloudfront.net/110299/1-small-A5qVzA2aqa.webp',110299),(105,'https://d2dql7oeescq6w.cloudfront.net/110421/1-small-bJ9YaXaW9L.webp',110421),(106,'https://d2dql7oeescq6w.cloudfront.net/110422/1-small-pyozdGdz9X.webp',110422),(107,'https://d2dql7oeescq6w.cloudfront.net/110439/1-small-zOPlGeGB9R.webp',110439),(108,'https://d2dql7oeescq6w.cloudfront.net/110440/1-small-rQqQl5pvoe.webp',110440),(109,'https://d2dql7oeescq6w.cloudfront.net/11046/1-small-kAonNYMox8.webp',11046),(110,'https://d2dql7oeescq6w.cloudfront.net/110482/1-small-MBoNnBpZov.webp',110482),(111,'https://d2dql7oeescq6w.cloudfront.net/110484/1-small-rQqQl58voe.webp',110484),(112,'https://d2dql7oeescq6w.cloudfront.net/110530/1-small-869D75j6qM.webp',110530),(113,'https://d2dql7oeescq6w.cloudfront.net/110569/1-small-Ea91ZV0RPz.webp',110569),(114,'https://d2dql7oeescq6w.cloudfront.net/11071/1-small-OW9OgLZ9gE.webp',11071),(115,'https://d2dql7oeescq6w.cloudfront.net/110803/1-small-3MoMVwplq5.webp',110803),(116,'https://d2dql7oeescq6w.cloudfront.net/110934/1-small-yLqGaggdPd.webp',110934),(117,'https://d2dql7oeescq6w.cloudfront.net/110968/1-small-vXodj0dm93.webp',110968),(118,'https://d2dql7oeescq6w.cloudfront.net/11163/1-small-rDq6WJO9bW.webp',11163),(119,'https://d2dql7oeescq6w.cloudfront.net/11164/1-small-AKqeEvZqp1.webp',11164),(120,'https://d2dql7oeescq6w.cloudfront.net/111698/1-small-Al90WmRGq8.webp',111698),(121,'https://d2dql7oeescq6w.cloudfront.net/111716/1-small-6xqAzmlW9D.webp',111716),(122,'https://d2dql7oeescq6w.cloudfront.net/111723/1-small-MNqZnwBlqA.webp',111723),(123,'https://d2dql7oeescq6w.cloudfront.net/11222/1-small-pyozJmpoXn.webp',11222),(124,'https://d2dql7oeescq6w.cloudfront.net/112555/1-small-A5qVzBvyqa.webp',112555),(125,'https://d2dql7oeescq6w.cloudfront.net/112556/1-small-18oXzMlK9k.webp',112556),(126,'https://d2dql7oeescq6w.cloudfront.net/112561/1-small-Z8qpldMyq3.webp',112561),(127,'https://d2dql7oeescq6w.cloudfront.net/112920/1-small-AKqebdd29p.webp',112920),(128,'https://d2dql7oeescq6w.cloudfront.net/11300/1-small-xePw0EEow8.webp',11300),(129,'https://d2dql7oeescq6w.cloudfront.net/11301/1-small-ElPBYzX9kG.webp',11301),(130,'https://d2dql7oeescq6w.cloudfront.net/113209/1-small-aboK85Dwqp.webp',113209),(131,'https://d2dql7oeescq6w.cloudfront.net/113510/1-small-Al90Wy6wq8.webp',113510),(132,'https://d2dql7oeescq6w.cloudfront.net/11500/1-small-xePw0Mvow8.webp',11500),(133,'https://d2dql7oeescq6w.cloudfront.net/118018/1-small-2B943Vlvqk.webp',118018),(134,'https://d2dql7oeescq6w.cloudfront.net/118421/1-small-bJ9YaZbZ9L.webp',118421),(135,'https://d2dql7oeescq6w.cloudfront.net/118433/1-small-YLPjLV05qk.webp',118433),(136,'https://d2dql7oeescq6w.cloudfront.net/119092/1-small-OJq52xbl9p.webp',119092),(137,'https://d2dql7oeescq6w.cloudfront.net/120059/1-small-KpqRrp43qL.webp',120059),(138,'https://d2dql7oeescq6w.cloudfront.net/120081/1-small-JzPJnKn5Pk.webp',120081),(139,'https://d2dql7oeescq6w.cloudfront.net/120109/1-small-aboK808Jqp.webp',120109),(140,'https://d2dql7oeescq6w.cloudfront.net/120115/1-small-KpqRrprbqL.webp',120115),(141,'https://d2dql7oeescq6w.cloudfront.net/120132/1-small-nDPWJez69W.webp',120132),(142,'https://d2dql7oeescq6w.cloudfront.net/120152/1-small-NpP7k7ONPO.webp',120152),(143,'https://d2dql7oeescq6w.cloudfront.net/120170/1-small-kOq3b5Wno6.webp',120170),(144,'https://d2dql7oeescq6w.cloudfront.net/120171/1-small-OW9OVvRyqg.webp',120171),(145,'https://d2dql7oeescq6w.cloudfront.net/120192/1-small-OJq52rjl9p.webp',120192),(146,'https://d2dql7oeescq6w.cloudfront.net/120778/1-small-yLqGarvAPd.webp',120778),(147,'https://d2dql7oeescq6w.cloudfront.net/120807/1-small-v09gyL7eoA.webp',120807),(148,'https://d2dql7oeescq6w.cloudfront.net/120808/1-small-NpP7k7xlPO.webp',120808),(149,'https://d2dql7oeescq6w.cloudfront.net/12121/1-small-bJ9Yd6xqL5.webp',12121),(150,'https://d2dql7oeescq6w.cloudfront.net/124705/1-small-xQq8gbKOoZ.webp',124705),(151,'https://d2dql7oeescq6w.cloudfront.net/125000/1-small-xePwy1eOqw.webp',125000),(152,'https://d2dql7oeescq6w.cloudfront.net/125039/1-small-zOPlGO8R9R.webp',125039),(153,'https://d2dql7oeescq6w.cloudfront.net/128962/1-small-2B943XGlqk.webp',128962),(154,'https://d2dql7oeescq6w.cloudfront.net/130005/1-small-xQq8gy6LoZ.webp',130005),(155,'https://d2dql7oeescq6w.cloudfront.net/130151/1-small-v09gynJGoA.webp',130151),(156,'https://d2dql7oeescq6w.cloudfront.net/130152/1-small-NpP7kyAEPO.webp',130152),(157,'https://d2dql7oeescq6w.cloudfront.net/130153/1-small-aboK8yA8qp.webp',130153),(158,'https://d2dql7oeescq6w.cloudfront.net/130224/1-small-vXodjEJv93.webp',130224),(159,'https://d2dql7oeescq6w.cloudfront.net/130227/1-small-OW9OVNlLqg.webp',130227),(160,'https://d2dql7oeescq6w.cloudfront.net/130233/1-small-YLPjL8xRqk.webp',130233),(161,'https://d2dql7oeescq6w.cloudfront.net/130234/1-small-yLqGayl1Pd.webp',130234),(162,'https://d2dql7oeescq6w.cloudfront.net/130300/1-small-xePwy4Gvqw.webp',130300),(163,'https://d2dql7oeescq6w.cloudfront.net/130500/1-small-xePwy42Oqw.webp',130500),(164,'https://d2dql7oeescq6w.cloudfront.net/130520/1-small-AKqebw129p.webp',130520),(165,'https://d2dql7oeescq6w.cloudfront.net/130685/1-small-we9EOygmog.webp',130685),(166,'https://d2dql7oeescq6w.cloudfront.net/130720/1-small-AKqebwNK9p.webp',130720),(167,'https://d2dql7oeescq6w.cloudfront.net/130721/1-small-bJ9Ya1Nv9L.webp',130721),(168,'https://d2dql7oeescq6w.cloudfront.net/130752/1-small-NpP7kyylPO.webp',130752),(169,'https://d2dql7oeescq6w.cloudfront.net/130903/1-small-3MoMVyYeq5.webp',130903),(170,'https://d2dql7oeescq6w.cloudfront.net/130905/1-small-xQq8gywaoZ.webp',130905),(171,'https://d2dql7oeescq6w.cloudfront.net/131096/1-small-NpP7kyaXPO.webp',131096),(172,'https://d2dql7oeescq6w.cloudfront.net/131200/1-small-xePwy4WEqw.webp',131200),(173,'https://d2dql7oeescq6w.cloudfront.net/131303/1-small-3MoMVyjQq5.webp',131303),(174,'https://d2dql7oeescq6w.cloudfront.net/131304/1-small-OJq52YKR9p.webp',131304),(175,'https://d2dql7oeescq6w.cloudfront.net/131305/1-small-xQq8gyXOoZ.webp',131305),(176,'https://d2dql7oeescq6w.cloudfront.net/131306/1-small-vVorymG4P3.webp',131306),(177,'https://d2dql7oeescq6w.cloudfront.net/131317/1-small-Z8qplVW4q3.webp',131317),(178,'https://d2dql7oeescq6w.cloudfront.net/131377/1-small-YLPjL8RRqk.webp',131377),(179,'https://d2dql7oeescq6w.cloudfront.net/131385/1-small-we9EOyZOog.webp',131385),(180,'https://d2dql7oeescq6w.cloudfront.net/131418/1-small-2B943er5qk.webp',131418),(181,'https://d2dql7oeescq6w.cloudfront.net/131539/1-small-zOPlGgjg9R.webp',131539),(182,'https://d2dql7oeescq6w.cloudfront.net/131543/1-small-dyom87G3PV.webp',131543),(183,'https://d2dql7oeescq6w.cloudfront.net/131622/1-small-pyozdYxM9X.webp',131622),(184,'https://d2dql7oeescq6w.cloudfront.net/131624/1-small-vXodjEax93.webp',131624),(185,'https://d2dql7oeescq6w.cloudfront.net/131663/1-small-rDq6DMA5Pb.webp',131663),(186,'https://d2dql7oeescq6w.cloudfront.net/131693/1-small-xQq8g8ggoZ.webp',131693),(187,'https://d2dql7oeescq6w.cloudfront.net/131694/1-small-vVoryRyQP3.webp',131694),(188,'https://d2dql7oeescq6w.cloudfront.net/131700/1-small-xePwyeyJqw.webp',131700),(189,'https://d2dql7oeescq6w.cloudfront.net/131920/1-small-AKqebnyM9p.webp',131920),(190,'https://d2dql7oeescq6w.cloudfront.net/131921/1-small-bJ9YaEd09L.webp',131921),(191,'https://d2dql7oeescq6w.cloudfront.net/131922/1-small-pyozdZ3V9X.webp',131922),(192,'https://d2dql7oeescq6w.cloudfront.net/131923/1-small-MNqZnEvdqA.webp',131923),(193,'https://d2dql7oeescq6w.cloudfront.net/132160/1-small-6xqAzvaE9D.webp',132160),(194,'https://d2dql7oeescq6w.cloudfront.net/132327/1-small-OW9OVE43qg.webp',132327),(195,'https://d2dql7oeescq6w.cloudfront.net/132328/1-small-xyqajELO9D.webp',132328),(196,'https://d2dql7oeescq6w.cloudfront.net/132370/1-small-kOq3bw05o6.webp',132370),(197,'https://d2dql7oeescq6w.cloudfront.net/132371/1-small-OW9OVEa3qg.webp',132371),(198,'https://d2dql7oeescq6w.cloudfront.net/132384/1-small-rQqQlEYMoe.webp',132384),(199,'https://d2dql7oeescq6w.cloudfront.net/13255/1-small-A5qVvWRqaQ.webp',13255),(200,'https://d2dql7oeescq6w.cloudfront.net/132616/1-small-6xqAzvMW9D.webp',132616),(201,'https://d2dql7oeescq6w.cloudfront.net/132661/1-small-Z8qplbVlq3.webp',132661),(202,'https://d2dql7oeescq6w.cloudfront.net/13271/1-small-OW9Ow1Z9gE.webp',13271),(203,'https://d2dql7oeescq6w.cloudfront.net/13291/1-small-3MoM02eP5E.webp',13291),(204,'https://d2dql7oeescq6w.cloudfront.net/134812/1-small-18oXzW8L9k.webp',134812),(205,'https://d2dql7oeescq6w.cloudfront.net/134844/1-small-xePwyA88qw.webp',134844),(206,'https://d2dql7oeescq6w.cloudfront.net/134845/1-small-ElPB1b2l9k.webp',134845),(207,'https://d2dql7oeescq6w.cloudfront.net/135015/1-small-KpqRrW51qL.webp',135015),(208,'https://d2dql7oeescq6w.cloudfront.net/135107/1-small-v09gywYeoA.webp',135107),(209,'https://d2dql7oeescq6w.cloudfront.net/135430/1-small-869D7RGbqM.webp',135430),(210,'https://d2dql7oeescq6w.cloudfront.net/135431/1-small-01q23zAv97.webp',135431),(211,'https://d2dql7oeescq6w.cloudfront.net/135548/1-small-OJq52Gzl9p.webp',135548),(212,'https://d2dql7oeescq6w.cloudfront.net/135583/1-small-zOPlG7GW9R.webp',135583),(213,'https://d2dql7oeescq6w.cloudfront.net/135717/1-small-Z8qplX74q3.webp',135717),(214,'https://d2dql7oeescq6w.cloudfront.net/135720/1-small-AKqebBQn9p.webp',135720),(215,'https://d2dql7oeescq6w.cloudfront.net/135723/1-small-MNqZnAKgqA.webp',135723),(216,'https://d2dql7oeescq6w.cloudfront.net/135740/1-small-rQqQlgVvoe.webp',135740),(217,'https://d2dql7oeescq6w.cloudfront.net/136035/1-small-Gb9kMgE4o7.webp',136035),(218,'https://d2dql7oeescq6w.cloudfront.net/136044/1-small-xePwy6XOqw.webp',136044),(219,'https://d2dql7oeescq6w.cloudfront.net/136045/1-small-ElPB1GaW9k.webp',136045),(220,'https://d2dql7oeescq6w.cloudfront.net/136107/1-small-v09gyMOEoA.webp',136107),(221,'https://d2dql7oeescq6w.cloudfront.net/136420/1-small-AKqebBOO9p.webp',136420),(222,'https://d2dql7oeescq6w.cloudfront.net/136442/1-small-A4Py0Y1d9L.webp',136442),(223,'https://d2dql7oeescq6w.cloudfront.net/136486/1-small-A4Py0Yrd9L.webp',136486),(224,'https://d2dql7oeescq6w.cloudfront.net/140018/1-small-2B943yOvqk.webp',140018),(225,'https://d2dql7oeescq6w.cloudfront.net/140110/1-small-Al90Wlgyq8.webp',140110),(226,'https://d2dql7oeescq6w.cloudfront.net/140128/1-small-xyqajV269D.webp',140128),(227,'https://d2dql7oeescq6w.cloudfront.net/140131/1-small-01q23lKO97.webp',140131),(228,'https://d2dql7oeescq6w.cloudfront.net/140132/1-small-nDPWJBYg9W.webp',140132),(229,'https://d2dql7oeescq6w.cloudfront.net/140258/1-small-3Movl5rk9A.webp',140258),(230,'https://d2dql7oeescq6w.cloudfront.net/140373/1-small-pYqxnrvGP1.webp',140373),(231,'https://d2dql7oeescq6w.cloudfront.net/140397/1-small-aboK8Lbmqp.webp',140397),(232,'https://d2dql7oeescq6w.cloudfront.net/140458/1-small-3Movl56V9A.webp',140458),(233,'https://d2dql7oeescq6w.cloudfront.net/140502/1-small-kAonldgy9x.webp',140502),(234,'https://d2dql7oeescq6w.cloudfront.net/140555/1-small-A5qVzmX3qa.webp',140555),(235,'https://d2dql7oeescq6w.cloudfront.net/140593/1-small-xQq8glwdoZ.webp',140593),(236,'https://d2dql7oeescq6w.cloudfront.net/140595/1-small-v09gypeEoA.webp',140595),(237,'https://d2dql7oeescq6w.cloudfront.net/140600/1-small-xePwy8j1qw.webp',140600),(238,'https://d2dql7oeescq6w.cloudfront.net/140633/1-small-YLPjLeeYqk.webp',140633),(239,'https://d2dql7oeescq6w.cloudfront.net/140640/1-small-rQqQl22Yoe.webp',140640),(240,'https://d2dql7oeescq6w.cloudfront.net/140641/1-small-we9EO227og.webp',140641),(241,'https://d2dql7oeescq6w.cloudfront.net/140916/1-small-6xqAzEpE9D.webp',140916),(242,'https://d2dql7oeescq6w.cloudfront.net/141050/1-small-vVorywZkP3.webp',141050),(243,'https://d2dql7oeescq6w.cloudfront.net/141080/1-small-7doL52D1q6.webp',141080),(244,'https://d2dql7oeescq6w.cloudfront.net/141784/1-small-rQqQl7eYoe.webp',141784),(245,'https://d2dql7oeescq6w.cloudfront.net/141785/1-small-we9EOLe7og.webp',141785),(246,'https://d2dql7oeescq6w.cloudfront.net/141786/1-small-A4Py06yn9L.webp',141786),(247,'https://d2dql7oeescq6w.cloudfront.net/141788/1-small-xePwypl1qw.webp',141788),(248,'https://d2dql7oeescq6w.cloudfront.net/142102/1-small-kAonl7R09x.webp',142102),(249,'https://d2dql7oeescq6w.cloudfront.net/142475/1-small-01q23LG897.webp',142475),(250,'https://d2dql7oeescq6w.cloudfront.net/142550/1-small-vVoryXLWP3.webp',142550),(251,'https://d2dql7oeescq6w.cloudfront.net/144156/1-small-18oXz1Od9k.webp',144156),(252,'https://d2dql7oeescq6w.cloudfront.net/144174/1-small-869D78D8qM.webp',144174),(253,'https://d2dql7oeescq6w.cloudfront.net/144178/1-small-yLqGa7DZPd.webp',144178),(254,'https://d2dql7oeescq6w.cloudfront.net/144189/1-small-ElPB1mQ19k.webp',144189),(255,'https://d2dql7oeescq6w.cloudfront.net/144190/1-small-kAonlEAM9x.webp',144190),(256,'https://d2dql7oeescq6w.cloudfront.net/144194/1-small-vVoryke8P3.webp',144194),(257,'https://d2dql7oeescq6w.cloudfront.net/144195/1-small-v09gykKzoA.webp',144195),(258,'https://d2dql7oeescq6w.cloudfront.net/144196/1-small-NpP7kzQDPO.webp',144196),(259,'https://d2dql7oeescq6w.cloudfront.net/145130/1-small-869D78bMqM.webp',145130),(260,'https://d2dql7oeescq6w.cloudfront.net/145145/1-small-ElPB1mVJ9k.webp',145145),(261,'https://d2dql7oeescq6w.cloudfront.net/145747/1-small-3MoMVkb3q5.webp',145747),(262,'https://d2dql7oeescq6w.cloudfront.net/146751/1-small-v09gyv0xoA.webp',146751),(263,'https://d2dql7oeescq6w.cloudfront.net/146766/1-small-pyozdjmz9X.webp',146766),(264,'https://d2dql7oeescq6w.cloudfront.net/147240/1-small-rQqQlMpYoe.webp',147240),(265,'https://d2dql7oeescq6w.cloudfront.net/147702/1-small-kAonlwQ39x.webp',147702),(266,'https://d2dql7oeescq6w.cloudfront.net/147762/1-small-2B943NOvqk.webp',147762),(267,'https://d2dql7oeescq6w.cloudfront.net/147770/1-small-kOq3byk5o6.webp',147770),(268,'https://d2dql7oeescq6w.cloudfront.net/147780/1-small-7doL5N82q6.webp',147780),(269,'https://d2dql7oeescq6w.cloudfront.net/148837/1-small-JzPJnNaBPk.webp',148837),(270,'https://d2dql7oeescq6w.cloudfront.net/150003/1-small-3MoMVJGQq5.webp',150003),(271,'https://d2dql7oeescq6w.cloudfront.net/150010/1-small-Al90WOpyq8.webp',150010),(272,'https://d2dql7oeescq6w.cloudfront.net/150032/1-small-nDPWJw2g9W.webp',150032),(273,'https://d2dql7oeescq6w.cloudfront.net/150036/1-small-7doL5Jxdq6.webp',150036),(274,'https://d2dql7oeescq6w.cloudfront.net/150096/1-small-NpP7kJy2PO.webp',150096),(275,'https://d2dql7oeescq6w.cloudfront.net/150100/1-small-xePwyW4vqw.webp',150100),(276,'https://d2dql7oeescq6w.cloudfront.net/150102/1-small-kAonlZKj9x.webp',150102),(277,'https://d2dql7oeescq6w.cloudfront.net/150103/1-small-3MoMVJy3q5.webp',150103),(278,'https://d2dql7oeescq6w.cloudfront.net/150118/1-small-2B9432e5qk.webp',150118),(279,'https://d2dql7oeescq6w.cloudfront.net/150122/1-small-pyozdnYw9X.webp',150122),(280,'https://d2dql7oeescq6w.cloudfront.net/150127/1-small-OW9OVJNxqg.webp',150127),(281,'https://d2dql7oeescq6w.cloudfront.net/150152/1-small-NpP7kJ55PO.webp',150152),(282,'https://d2dql7oeescq6w.cloudfront.net/150157/1-small-wyPbjVE1PE.webp',150157),(283,'https://d2dql7oeescq6w.cloudfront.net/150160/1-small-6xqAzJvN9D.webp',150160),(284,'https://d2dql7oeescq6w.cloudfront.net/150168/1-small-vXodjbB793.webp',150168),(285,'https://d2dql7oeescq6w.cloudfront.net/150170/1-small-kOq3bDwNo6.webp',150170),(286,'https://d2dql7oeescq6w.cloudfront.net/150174/1-small-869D7JR6qM.webp',150174),(287,'https://d2dql7oeescq6w.cloudfront.net/150185/1-small-we9EOJA8og.webp',150185),(288,'https://d2dql7oeescq6w.cloudfront.net/150188/1-small-xePwyWAvqw.webp',150188),(289,'https://d2dql7oeescq6w.cloudfront.net/150193/1-small-xQq8gJMQoZ.webp',150193),(290,'https://d2dql7oeescq6w.cloudfront.net/150197/1-small-aboK8Jzzqp.webp',150197),(291,'https://d2dql7oeescq6w.cloudfront.net/151741/1-small-we9EOYXLog.webp',151741),(292,'https://d2dql7oeescq6w.cloudfront.net/151807/1-small-v09gyYLzoA.webp',151807),(293,'https://d2dql7oeescq6w.cloudfront.net/151808/1-small-NpP7kg7DPO.webp',151808),(294,'https://d2dql7oeescq6w.cloudfront.net/151824/1-small-vXodj4LB93.webp',151824),(295,'https://d2dql7oeescq6w.cloudfront.net/151825/1-small-Ea91ZBnYPz.webp',151825),(296,'https://d2dql7oeescq6w.cloudfront.net/151842/1-small-A4Py0Lnd9L.webp',151842),(297,'https://d2dql7oeescq6w.cloudfront.net/151843/1-small-dyom8OaMPV.webp',151843),(298,'https://d2dql7oeescq6w.cloudfront.net/151955/1-small-A5qVz5x1qa.webp',151955),(299,'https://d2dql7oeescq6w.cloudfront.net/152123/1-small-MNqZnmyJqA.webp',152123),(300,'https://d2dql7oeescq6w.cloudfront.net/152522/1-small-pyozdLLM9X.webp',152522),(301,'https://d2dql7oeescq6w.cloudfront.net/152545/1-small-ElPB144W9k.webp',152545),(302,'https://d2dql7oeescq6w.cloudfront.net/152551/1-small-v09gyY0joA.webp',152551),(303,'https://d2dql7oeescq6w.cloudfront.net/152555/1-small-A5qVz5alqa.webp',152555),(304,'https://d2dql7oeescq6w.cloudfront.net/152559/1-small-KpqRrwdRqL.webp',152559),(305,'https://d2dql7oeescq6w.cloudfront.net/152561/1-small-Z8qplD6Qq3.webp',152561),(306,'https://d2dql7oeescq6w.cloudfront.net/152566/1-small-pyozdLmM9X.webp',152566),(307,'https://d2dql7oeescq6w.cloudfront.net/152571/1-small-OW9OV2YNqg.webp',152571),(308,'https://d2dql7oeescq6w.cloudfront.net/152572/1-small-xyqajR5E9D.webp',152572),(309,'https://d2dql7oeescq6w.cloudfront.net/152573/1-small-pYqxnNOpP1.webp',152573),(310,'https://d2dql7oeescq6w.cloudfront.net/152580/1-small-7doL5a4Nq6.webp',152580),(311,'https://d2dql7oeescq6w.cloudfront.net/152581/1-small-JzPJn3AJPk.webp',152581),(312,'https://d2dql7oeescq6w.cloudfront.net/152582/1-small-MBoNnDeDov.webp',152582),(313,'https://d2dql7oeescq6w.cloudfront.net/152615/1-small-KpqRrwn1qL.webp',152615),(314,'https://d2dql7oeescq6w.cloudfront.net/153525/1-small-Ea91Z3VjPz.webp',153525),(315,'https://d2dql7oeescq6w.cloudfront.net/155422/1-small-pyozdElK9X.webp',155422),(316,'https://d2dql7oeescq6w.cloudfront.net/155577/1-small-YLPjL3ERqk.webp',155577),(317,'https://d2dql7oeescq6w.cloudfront.net/156535/1-small-Gb9kMOAdo7.webp',156535),(318,'https://d2dql7oeescq6w.cloudfront.net/158471/1-small-OW9OV11Zqg.webp',158471),(319,'https://d2dql7oeescq6w.cloudfront.net/160006/1-small-vVoryDw7P3.webp',160006),(320,'https://d2dql7oeescq6w.cloudfront.net/160020/1-small-AKqebpRY9p.webp',160020),(321,'https://d2dql7oeescq6w.cloudfront.net/160024/1-small-vXodjAv793.webp',160024),(322,'https://d2dql7oeescq6w.cloudfront.net/160031/1-small-01q235L897.webp',160031),(323,'https://d2dql7oeescq6w.cloudfront.net/160032/1-small-nDPWJMvV9W.webp',160032),(324,'https://d2dql7oeescq6w.cloudfront.net/160033/1-small-YLPjLz5Aqk.webp',160033),(325,'https://d2dql7oeescq6w.cloudfront.net/160034/1-small-yLqGa1L5Pd.webp',160034),(326,'https://d2dql7oeescq6w.cloudfront.net/160035/1-small-Gb9kMZ8mo7.webp',160035),(327,'https://d2dql7oeescq6w.cloudfront.net/160036/1-small-7doL5DMKq6.webp',160036),(328,'https://d2dql7oeescq6w.cloudfront.net/160038/1-small-MBoNnW8mov.webp',160038),(329,'https://d2dql7oeescq6w.cloudfront.net/160040/1-small-rQqQlk7boe.webp',160040),(330,'https://d2dql7oeescq6w.cloudfront.net/160041/1-small-we9EOZL8og.webp',160041),(331,'https://d2dql7oeescq6w.cloudfront.net/160065/1-small-bJ9Ya8Ak9L.webp',160065),(332,'https://d2dql7oeescq6w.cloudfront.net/160071/1-small-OW9OVjrxqg.webp',160071),(333,'https://d2dql7oeescq6w.cloudfront.net/160072/1-small-xyqajbkY9D.webp',160072),(334,'https://d2dql7oeescq6w.cloudfront.net/160077/1-small-YLPjLzkAqk.webp',160077),(335,'https://d2dql7oeescq6w.cloudfront.net/160102/1-small-kAonl3EE9x.webp',160102),(336,'https://d2dql7oeescq6w.cloudfront.net/160107/1-small-v09gy6k0oA.webp',160107),(337,'https://d2dql7oeescq6w.cloudfront.net/160108/1-small-NpP7kKzVPO.webp',160108),(338,'https://d2dql7oeescq6w.cloudfront.net/160109/1-small-aboK8xXmqp.webp',160109),(339,'https://d2dql7oeescq6w.cloudfront.net/160110/1-small-Al90WnRnq8.webp',160110),(340,'https://d2dql7oeescq6w.cloudfront.net/160111/1-small-A5qVznZpqa.webp',160111),(341,'https://d2dql7oeescq6w.cloudfront.net/160115/1-small-KpqRrL6kqL.webp',160115),(342,'https://d2dql7oeescq6w.cloudfront.net/160120/1-small-AKqebpXQ9p.webp',160120),(343,'https://d2dql7oeescq6w.cloudfront.net/160122/1-small-pyozdwj39X.webp',160122),(344,'https://d2dql7oeescq6w.cloudfront.net/160124/1-small-vXodjAVn93.webp',160124),(345,'https://d2dql7oeescq6w.cloudfront.net/160180/1-small-7doL5DNLq6.webp',160180),(346,'https://d2dql7oeescq6w.cloudfront.net/160187/1-small-dyom8123PV.webp',160187),(347,'https://d2dql7oeescq6w.cloudfront.net/160202/1-small-kAonl3wb9x.webp',160202),(348,'https://d2dql7oeescq6w.cloudfront.net/160203/1-small-3MoMV2N1q5.webp',160203),(349,'https://d2dql7oeescq6w.cloudfront.net/160227/1-small-OW9OVjJNqg.webp',160227),(350,'https://d2dql7oeescq6w.cloudfront.net/160228/1-small-xyqajb0E9D.webp',160228),(351,'https://d2dql7oeescq6w.cloudfront.net/160235/1-small-Gb9kMZe4o7.webp',160235),(352,'https://d2dql7oeescq6w.cloudfront.net/160264/1-small-AKqebp629p.webp',160264),(353,'https://d2dql7oeescq6w.cloudfront.net/160293/1-small-xQq8g0jgoZ.webp',160293),(354,'https://d2dql7oeescq6w.cloudfront.net/160294/1-small-vVoryDYQP3.webp',160294),(355,'https://d2dql7oeescq6w.cloudfront.net/160295/1-small-v09gy60joA.webp',160295),(356,'https://d2dql7oeescq6w.cloudfront.net/160296/1-small-NpP7kKW0PO.webp',160296),(357,'https://d2dql7oeescq6w.cloudfront.net/160317/1-small-Z8qpla6mq3.webp',160317),(358,'https://d2dql7oeescq6w.cloudfront.net/160318/1-small-2B943rxGqk.webp',160318),(359,'https://d2dql7oeescq6w.cloudfront.net/162967/1-small-MNqZnNlWqA.webp',162967),(360,'https://d2dql7oeescq6w.cloudfront.net/162968/1-small-vXodj75e93.webp',162968),(361,'https://d2dql7oeescq6w.cloudfront.net/165122/1-small-pyozdrlL9X.webp',165122),(362,'https://d2dql7oeescq6w.cloudfront.net/165124/1-small-vXodj1Ze93.webp',165124),(363,'https://d2dql7oeescq6w.cloudfront.net/165125/1-small-Ea91ZRDWPz.webp',165125),(364,'https://d2dql7oeescq6w.cloudfront.net/165140/1-small-rQqQlr5Koe.webp',165140),(365,'https://d2dql7oeescq6w.cloudfront.net/165141/1-small-we9EOk86og.webp',165141),(366,'https://d2dql7oeescq6w.cloudfront.net/165169/1-small-Ea91ZRVWPz.webp',165169),(367,'https://d2dql7oeescq6w.cloudfront.net/165174/1-small-869D7G5bqM.webp',165174),(368,'https://d2dql7oeescq6w.cloudfront.net/170113/1-small-wyPbjdvQPE.webp',170113),(369,'https://d2dql7oeescq6w.cloudfront.net/170173/1-small-pYqxn1XpP1.webp',170173),(370,'https://d2dql7oeescq6w.cloudfront.net/170174/1-small-869D7gNEqM.webp',170174),(371,'https://d2dql7oeescq6w.cloudfront.net/170175/1-small-01q23veY97.webp',170175),(372,'https://d2dql7oeescq6w.cloudfront.net/170181/1-small-JzPJn68JPk.webp',170181),(373,'https://d2dql7oeescq6w.cloudfront.net/170187/1-small-dyom8MBBPV.webp',170187),(374,'https://d2dql7oeescq6w.cloudfront.net/170192/1-small-OJq52eBz9p.webp',170192),(375,'https://d2dql7oeescq6w.cloudfront.net/172581/1-small-JzPJvnp0Pk.webp',172581),(376,'https://d2dql7oeescq6w.cloudfront.net/174660/1-small-6xqAxx1voD.webp',174660),(377,'https://d2dql7oeescq6w.cloudfront.net/176096/1-small-NpP7OOwDPO.webp',176096),(378,'https://d2dql7oeescq6w.cloudfront.net/176929/1-small-pYqx3Ky2o1.webp',176929),(379,'https://d2dql7oeescq6w.cloudfront.net/177244/1-small-xePwBRed9w.webp',177244),(380,'https://d2dql7oeescq6w.cloudfront.net/177245/1-small-ElPB6xRnPk.webp',177245),(381,'https://d2dql7oeescq6w.cloudfront.net/177247/1-small-3MoMBeE4q5.webp',177247),(382,'https://d2dql7oeescq6w.cloudfront.net/179631/1-small-01q21Dn4o7.webp',179631),(383,'https://d2dql7oeescq6w.cloudfront.net/179632/1-small-nDPWzV8E9W.webp',179632),(384,'https://d2dql7oeescq6w.cloudfront.net/179633/1-small-YLPj7ydMok.webp',179633),(385,'https://d2dql7oeescq6w.cloudfront.net/180053/1-small-aboKMgag9p.webp',180053),(386,'https://d2dql7oeescq6w.cloudfront.net/180097/1-small-aboKMg8g9p.webp',180097),(387,'https://d2dql7oeescq6w.cloudfront.net/180099/1-small-A5qV6dzlqa.webp',180099),(388,'https://d2dql7oeescq6w.cloudfront.net/180115/1-small-KpqRjvr1qL.webp',180115),(389,'https://d2dql7oeescq6w.cloudfront.net/180127/1-small-OW9OzgVYqg.webp',180127),(390,'https://d2dql7oeescq6w.cloudfront.net/180171/1-small-OW9OzgzYqg.webp',180171),(391,'https://d2dql7oeescq6w.cloudfront.net/180231/1-small-01q217Dbo7.webp',180231),(392,'https://d2dql7oeescq6w.cloudfront.net/180617/1-small-Z8qppAEJq3.webp',180617),(393,'https://d2dql7oeescq6w.cloudfront.net/180636/1-small-7doLwOX1P6.webp',180636),(394,'https://d2dql7oeescq6w.cloudfront.net/180750/1-small-vVorQgjpP3.webp',180750),(395,'https://d2dql7oeescq6w.cloudfront.net/180911/1-small-A5qV6d3Mqa.webp',180911),(396,'https://d2dql7oeescq6w.cloudfront.net/181014/1-small-3MovwQMmqA.webp',181014),(397,'https://d2dql7oeescq6w.cloudfront.net/181016/1-small-6xqAxOMWoD.webp',181016),(398,'https://d2dql7oeescq6w.cloudfront.net/181050/1-small-vVorQg7WP3.webp',181050),(399,'https://d2dql7oeescq6w.cloudfront.net/181060/1-small-6xqAxOyWoD.webp',181060),(400,'https://d2dql7oeescq6w.cloudfront.net/181106/1-small-vVorQgRQP3.webp',181106),(401,'https://d2dql7oeescq6w.cloudfront.net/181110/1-small-Al903MJDq8.webp',181110),(402,'https://d2dql7oeescq6w.cloudfront.net/181625/1-small-Ea91k53Woz.webp',181625),(403,'https://d2dql7oeescq6w.cloudfront.net/181810/1-small-Al903ML3q8.webp',181810),(404,'https://d2dql7oeescq6w.cloudfront.net/182085/1-small-we9E3n38og.webp',182085),(405,'https://d2dql7oeescq6w.cloudfront.net/182151/1-small-v09gQgj0oA.webp',182151),(406,'https://d2dql7oeescq6w.cloudfront.net/183030/1-small-869D6ByeoM.webp',183030),(407,'https://d2dql7oeescq6w.cloudfront.net/183035/1-small-Gb9k63rNq7.webp',183035),(408,'https://d2dql7oeescq6w.cloudfront.net/183042/1-small-A4PylAzl9L.webp',183042),(409,'https://d2dql7oeescq6w.cloudfront.net/183043/1-small-dyomlw0nPV.webp',183043),(410,'https://d2dql7oeescq6w.cloudfront.net/183201/1-small-ElPB6g0lPk.webp',183201),(411,'https://d2dql7oeescq6w.cloudfront.net/183205/1-small-xQq8Y6wJ9Z.webp',183205),(412,'https://d2dql7oeescq6w.cloudfront.net/190010/1-small-Al903EDBq8.webp',190010),(413,'https://d2dql7oeescq6w.cloudfront.net/190013/1-small-wyPb06y5qE.webp',190013),(414,'https://d2dql7oeescq6w.cloudfront.net/190020/1-small-AKqeLGyRop.webp',190020),(415,'https://d2dql7oeescq6w.cloudfront.net/190022/1-small-pyozpV3k9X.webp',190022),(416,'https://d2dql7oeescq6w.cloudfront.net/190029/1-small-pYqx3Vdxo1.webp',190029),(417,'https://d2dql7oeescq6w.cloudfront.net/190030/1-small-869D63BzoM.webp',190030),(418,'https://d2dql7oeescq6w.cloudfront.net/190031/1-small-01q21kBeo7.webp',190031),(419,'https://d2dql7oeescq6w.cloudfront.net/190032/1-small-nDPWzlAk9W.webp',190032),(420,'https://d2dql7oeescq6w.cloudfront.net/190053/1-small-aboKMAdv9p.webp',190053),(421,'https://d2dql7oeescq6w.cloudfront.net/190091/1-small-3MoMBpKlq5.webp',190091),(422,'https://d2dql7oeescq6w.cloudfront.net/190098/1-small-Al903ErBq8.webp',190098),(423,'https://d2dql7oeescq6w.cloudfront.net/190099/1-small-A5qV64Q3qa.webp',190099),(424,'https://d2dql7oeescq6w.cloudfront.net/190161/1-small-Z8qppvyYq3.webp',190161),(425,'https://d2dql7oeescq6w.cloudfront.net/190242/1-small-A4PylyXk9L.webp',190242),(426,'https://d2dql7oeescq6w.cloudfront.net/190335/1-small-Gb9k6ajvq7.webp',190335),(427,'https://d2dql7oeescq6w.cloudfront.net/190460/1-small-6xqAxe7EoD.webp',190460),(428,'https://d2dql7oeescq6w.cloudfront.net/191027/1-small-OW9OzerNqg.webp',191027),(429,'https://d2dql7oeescq6w.cloudfront.net/191030/1-small-869D63LEoM.webp',191030),(430,'https://d2dql7oeescq6w.cloudfront.net/194590/1-small-kAonMQ55Px.webp',194590),(431,'https://d2dql7oeescq6w.cloudfront.net/194591/1-small-3MoMBbRyq5.webp',194591),(432,'https://d2dql7oeescq6w.cloudfront.net/194820/1-small-AKqeLe4Zop.webp',194820),(433,'https://d2dql7oeescq6w.cloudfront.net/195364/1-small-AKqeLeKQop.webp',195364),(434,'https://d2dql7oeescq6w.cloudfront.net/195370/1-small-kOq33mlvq6.webp',195370),(435,'https://d2dql7oeescq6w.cloudfront.net/197710/1-small-Al903yMBq8.webp',197710),(436,'https://d2dql7oeescq6w.cloudfront.net/198245/1-small-ElPB6A8bPk.webp',198245),(437,'https://d2dql7oeescq6w.cloudfront.net/198436/1-small-7doLw8xdP6.webp',198436),(438,'https://d2dql7oeescq6w.cloudfront.net/198500/1-small-xePwBr4v9w.webp',198500),(439,'https://d2dql7oeescq6w.cloudfront.net/198505/1-small-xQq8YeyQ9Z.webp',198505),(440,'https://d2dql7oeescq6w.cloudfront.net/198507/1-small-v09gQdnnoA.webp',198507),(441,'https://d2dql7oeescq6w.cloudfront.net/198612/1-small-18oXwMWLPk.webp',198612),(442,'https://d2dql7oeescq6w.cloudfront.net/198622/1-small-pyozpKz39X.webp',198622),(443,'https://d2dql7oeescq6w.cloudfront.net/200017/1-small-Z8qppOQYq3.webp',200017),(444,'https://d2dql7oeescq6w.cloudfront.net/200018/1-small-2B94YnjrPk.webp',200018),(445,'https://d2dql7oeescq6w.cloudfront.net/200036/1-small-7doLwG8pP6.webp',200036),(446,'https://d2dql7oeescq6w.cloudfront.net/200039/1-small-zOPllJNJPR.webp',200039),(447,'https://d2dql7oeescq6w.cloudfront.net/200046/1-small-kAonMOG5Px.webp',200046),(448,'https://d2dql7oeescq6w.cloudfront.net/200047/1-small-3MoMB4ryq5.webp',200047),(449,'https://d2dql7oeescq6w.cloudfront.net/200051/1-small-v09gQEdeoA.webp',200051),(450,'https://d2dql7oeescq6w.cloudfront.net/200091/1-small-3MoMB44yq5.webp',200091),(451,'https://d2dql7oeescq6w.cloudfront.net/200098/1-small-Al903bbRq8.webp',200098),(452,'https://d2dql7oeescq6w.cloudfront.net/200101/1-small-ElPB633JPk.webp',200101),(453,'https://d2dql7oeescq6w.cloudfront.net/200105/1-small-xQq8Yrrn9Z.webp',200105),(454,'https://d2dql7oeescq6w.cloudfront.net/200109/1-small-aboKM44w9p.webp',200109),(455,'https://d2dql7oeescq6w.cloudfront.net/200110/1-small-Al903bbkq8.webp',200110),(456,'https://d2dql7oeescq6w.cloudfront.net/200111/1-small-A5qV6LLwqa.webp',200111),(457,'https://d2dql7oeescq6w.cloudfront.net/200115/1-small-KpqRjNYXqL.webp',200115),(458,'https://d2dql7oeescq6w.cloudfront.net/200119/1-small-rDq6K5bj9b.webp',200119),(459,'https://d2dql7oeescq6w.cloudfront.net/200130/1-small-869D64VMoM.webp',200130),(460,'https://d2dql7oeescq6w.cloudfront.net/200131/1-small-01q21wKmo7.webp',200131),(461,'https://d2dql7oeescq6w.cloudfront.net/200140/1-small-rQqQpLY2oe.webp',200140),(462,'https://d2dql7oeescq6w.cloudfront.net/200145/1-small-ElPB63KJPk.webp',200145),(463,'https://d2dql7oeescq6w.cloudfront.net/200184/1-small-rQqQpLa2oe.webp',200184),(464,'https://d2dql7oeescq6w.cloudfront.net/200192/1-small-OJq5aMxKqp.webp',200192),(465,'https://d2dql7oeescq6w.cloudfront.net/20020/1-small-AKqeGzjPp1.webp',20020),(466,'https://d2dql7oeescq6w.cloudfront.net/200204/1-small-OJq5aMrvqp.webp',200204),(467,'https://d2dql7oeescq6w.cloudfront.net/200212/1-small-18oXwQedPk.webp',200212),(468,'https://d2dql7oeescq6w.cloudfront.net/200214/1-small-3MovwJZ8qA.webp',200214),(469,'https://d2dql7oeescq6w.cloudfront.net/200228/1-small-xyqa4LeVoD.webp',200228),(470,'https://d2dql7oeescq6w.cloudfront.net/200229/1-small-pYqx3DB4o1.webp',200229),(471,'https://d2dql7oeescq6w.cloudfront.net/200242/1-small-A4Pylmnd9L.webp',200242),(472,'https://d2dql7oeescq6w.cloudfront.net/200243/1-small-dyomlQaMPV.webp',200243),(473,'https://d2dql7oeescq6w.cloudfront.net/20025/1-small-Ea91Ev59zY.webp',20025),(474,'https://d2dql7oeescq6w.cloudfront.net/20026/1-small-kOq3vBno63.webp',20026),(475,'https://d2dql7oeescq6w.cloudfront.net/200268/1-small-vXodRGDB93.webp',200268),(476,'https://d2dql7oeescq6w.cloudfront.net/200269/1-small-Ea91kvbYoz.webp',200269),(477,'https://d2dql7oeescq6w.cloudfront.net/200312/1-small-18oXwQOEPk.webp',200312),(478,'https://d2dql7oeescq6w.cloudfront.net/200313/1-small-wyPb0pOWqE.webp',200313),(479,'https://d2dql7oeescq6w.cloudfront.net/200317/1-small-Z8qppOj0q3.webp',200317),(480,'https://d2dql7oeescq6w.cloudfront.net/200326/1-small-kOq33B78q6.webp',200326),(481,'https://d2dql7oeescq6w.cloudfront.net/200328/1-small-xyqa4LO8oD.webp',200328),(482,'https://d2dql7oeescq6w.cloudfront.net/200329/1-small-pYqx3Dm5o1.webp',200329),(483,'https://d2dql7oeescq6w.cloudfront.net/200340/1-small-rQqQpLQKoe.webp',200340),(484,'https://d2dql7oeescq6w.cloudfront.net/200343/1-small-dyomlQRLPV.webp',200343),(485,'https://d2dql7oeescq6w.cloudfront.net/200344/1-small-xePwBQ5d9w.webp',200344),(486,'https://d2dql7oeescq6w.cloudfront.net/200355/1-small-A5qV6Lx1qa.webp',200355),(487,'https://d2dql7oeescq6w.cloudfront.net/200368/1-small-vXodRGre93.webp',200368),(488,'https://d2dql7oeescq6w.cloudfront.net/200393/1-small-xQq8YrA29Z.webp',200393),(489,'https://d2dql7oeescq6w.cloudfront.net/200394/1-small-vVorQj7JP3.webp',200394),(490,'https://d2dql7oeescq6w.cloudfront.net/200400/1-small-xePwBQbe9w.webp',200400),(491,'https://d2dql7oeescq6w.cloudfront.net/200402/1-small-kAonMO50Px.webp',200402),(492,'https://d2dql7oeescq6w.cloudfront.net/200412/1-small-18oXwQN7Pk.webp',200412),(493,'https://d2dql7oeescq6w.cloudfront.net/200436/1-small-7doLwGy1P6.webp',200436),(494,'https://d2dql7oeescq6w.cloudfront.net/200439/1-small-zOPllJgWPR.webp',200439),(495,'https://d2dql7oeescq6w.cloudfront.net/200447/1-small-3MoMB4yYq5.webp',200447),(496,'https://d2dql7oeescq6w.cloudfront.net/200448/1-small-OJq5aMYlqp.webp',200448),(497,'https://d2dql7oeescq6w.cloudfront.net/200456/1-small-18oXwQ27Pk.webp',200456),(498,'https://d2dql7oeescq6w.cloudfront.net/200463/1-small-rDq6K5mz9b.webp',200463),(499,'https://d2dql7oeescq6w.cloudfront.net/200600/1-small-xePwBQjx9w.webp',200600),(500,'https://d2dql7oeescq6w.cloudfront.net/200603/1-small-3MoMB4YQq5.webp',200603),(501,'https://d2dql7oeescq6w.cloudfront.net/200606/1-small-vVorQjL4P3.webp',200606),(502,'https://d2dql7oeescq6w.cloudfront.net/200609/1-small-aboKM46V9p.webp',200609),(503,'https://d2dql7oeescq6w.cloudfront.net/200616/1-small-6xqAx4KDoD.webp',200616),(504,'https://d2dql7oeescq6w.cloudfront.net/20062/1-small-2B94vnlokM.webp',20062),(505,'https://d2dql7oeescq6w.cloudfront.net/200620/1-small-AKqeLz4nop.webp',200620),(506,'https://d2dql7oeescq6w.cloudfront.net/200633/1-small-YLPj7EZRok.webp',200633),(507,'https://d2dql7oeescq6w.cloudfront.net/200634/1-small-yLqGjWR1od.webp',200634),(508,'https://d2dql7oeescq6w.cloudfront.net/200640/1-small-rQqQpL2voe.webp',200640),(509,'https://d2dql7oeescq6w.cloudfront.net/200642/1-small-A4Pylmgl9L.webp',200642),(510,'https://d2dql7oeescq6w.cloudfront.net/200654/1-small-Al903blyq8.webp',200654),(511,'https://d2dql7oeescq6w.cloudfront.net/200670/1-small-kOq33BQ4q6.webp',200670),(512,'https://d2dql7oeescq6w.cloudfront.net/200671/1-small-OW9Oz4GLqg.webp',200671),(513,'https://d2dql7oeescq6w.cloudfront.net/20068/1-small-vXod6lY93k.webp',20068),(514,'https://d2dql7oeescq6w.cloudfront.net/200703/1-small-3MoMB453q5.webp',200703),(515,'https://d2dql7oeescq6w.cloudfront.net/200705/1-small-xQq8YrLQ9Z.webp',200705),(516,'https://d2dql7oeescq6w.cloudfront.net/200708/1-small-NpP7O8L5PO.webp',200708),(517,'https://d2dql7oeescq6w.cloudfront.net/200710/1-small-Al903bQGq8.webp',200710),(518,'https://d2dql7oeescq6w.cloudfront.net/200750/1-small-vVorQjk7P3.webp',200750),(519,'https://d2dql7oeescq6w.cloudfront.net/200751/1-small-v09gQEknoA.webp',200751),(520,'https://d2dql7oeescq6w.cloudfront.net/200836/1-small-7doLwGNLP6.webp',200836),(521,'https://d2dql7oeescq6w.cloudfront.net/200837/1-small-JzPJvONxPk.webp',200837),(522,'https://d2dql7oeescq6w.cloudfront.net/200855/1-small-A5qV6L7pqa.webp',200855),(523,'https://d2dql7oeescq6w.cloudfront.net/200878/1-small-yLqGjWErod.webp',200878),(524,'https://d2dql7oeescq6w.cloudfront.net/200880/1-small-7doLwGJLP6.webp',200880),(525,'https://d2dql7oeescq6w.cloudfront.net/200883/1-small-zOPllJYgPR.webp',200883),(526,'https://d2dql7oeescq6w.cloudfront.net/200887/1-small-dyomlQz3PV.webp',200887),(527,'https://d2dql7oeescq6w.cloudfront.net/200888/1-small-xePwBQW89w.webp',200888),(528,'https://d2dql7oeescq6w.cloudfront.net/200896/1-small-NpP7O8JVPO.webp',200896),(529,'https://d2dql7oeescq6w.cloudfront.net/200897/1-small-aboKM4Jm9p.webp',200897),(530,'https://d2dql7oeescq6w.cloudfront.net/200920/1-small-AKqeLz62op.webp',200920),(531,'https://d2dql7oeescq6w.cloudfront.net/200941/1-small-we9E3dYRog.webp',200941),(532,'https://d2dql7oeescq6w.cloudfront.net/200943/1-small-dyomlQOBPV.webp',200943),(533,'https://d2dql7oeescq6w.cloudfront.net/200947/1-small-3MoMB4x1q5.webp',200947),(534,'https://d2dql7oeescq6w.cloudfront.net/200965/1-small-bJ9YBL2ZPL.webp',200965),(535,'https://d2dql7oeescq6w.cloudfront.net/200990/1-small-kAonMOpbPx.webp',200990),(536,'https://d2dql7oeescq6w.cloudfront.net/20100/1-small-xePwlvEow8.webp',20100),(537,'https://d2dql7oeescq6w.cloudfront.net/201003/1-small-3MoMB4jlq5.webp',201003),(538,'https://d2dql7oeescq6w.cloudfront.net/201014/1-small-3MovwJEXqA.webp',201014),(539,'https://d2dql7oeescq6w.cloudfront.net/201026/1-small-kOq33BgMq6.webp',201026),(540,'https://d2dql7oeescq6w.cloudfront.net/201075/1-small-01q21wjeo7.webp',201075),(541,'https://d2dql7oeescq6w.cloudfront.net/201076/1-small-nDPWzLjk9W.webp',201076),(542,'https://d2dql7oeescq6w.cloudfront.net/201086/1-small-A4PylmJA9L.webp',201086),(543,'https://d2dql7oeescq6w.cloudfront.net/201087/1-small-dyomlQ1YPV.webp',201087),(544,'https://d2dql7oeescq6w.cloudfront.net/201275/1-small-01q21wJmo7.webp',201275),(545,'https://d2dql7oeescq6w.cloudfront.net/201280/1-small-7doLwGYEP6.webp',201280),(546,'https://d2dql7oeescq6w.cloudfront.net/201288/1-small-xePwBQzK9w.webp',201288),(547,'https://d2dql7oeescq6w.cloudfront.net/20129/1-small-pYqxVy8P1L.webp',20129),(548,'https://d2dql7oeescq6w.cloudfront.net/20131/1-small-01q2ky497n.webp',20131),(549,'https://d2dql7oeescq6w.cloudfront.net/20152/1-small-NpP7A7EqOl.webp',20152),(550,'https://d2dql7oeescq6w.cloudfront.net/20154/1-small-Al90EB3P8w.webp',20154),(551,'https://d2dql7oeescq6w.cloudfront.net/201557/1-small-wyPb02agqE.webp',201557),(552,'https://d2dql7oeescq6w.cloudfront.net/201558/1-small-3MovwbgGqA.webp',201558),(553,'https://d2dql7oeescq6w.cloudfront.net/20231/1-small-01q2kmO97n.webp',20231),(554,'https://d2dql7oeescq6w.cloudfront.net/20233/1-small-YLPjjDRPkx.webp',20233),(555,'https://d2dql7oeescq6w.cloudfront.net/202400/1-small-xePwBve79w.webp',202400),(556,'https://d2dql7oeescq6w.cloudfront.net/202470/1-small-kOq330ZJq6.webp',202470),(557,'https://d2dql7oeescq6w.cloudfront.net/20248/1-small-OJq5A0Rqpr.webp',20248),(558,'https://d2dql7oeescq6w.cloudfront.net/20252/1-small-NpP7AX2qOl.webp',20252),(559,'https://d2dql7oeescq6w.cloudfront.net/20302/1-small-kAonyAjPx8.webp',20302),(560,'https://d2dql7oeescq6w.cloudfront.net/203022/1-small-pyozpBw39X.webp',203022),(561,'https://d2dql7oeescq6w.cloudfront.net/203024/1-small-vXodRlAn93.webp',203024),(562,'https://d2dql7oeescq6w.cloudfront.net/203060/1-small-6xqAx7kWoD.webp',203060),(563,'https://d2dql7oeescq6w.cloudfront.net/20355/1-small-A5qV4NMPaQ.webp',20355),(564,'https://d2dql7oeescq6w.cloudfront.net/20357/1-small-wyPb6N1PEm.webp',20357),(565,'https://d2dql7oeescq6w.cloudfront.net/20364/1-small-AKqeGNYPp1.webp',20364),(566,'https://d2dql7oeescq6w.cloudfront.net/20369/1-small-Ea91EKR9zY.webp',20369),(567,'https://d2dql7oeescq6w.cloudfront.net/20370/1-small-kOq3vVNo63.webp',20370),(568,'https://d2dql7oeescq6w.cloudfront.net/20380/1-small-7doLAyKq6r.webp',20380),(569,'https://d2dql7oeescq6w.cloudfront.net/20381/1-small-JzPJWydokb.webp',20381),(570,'https://d2dql7oeescq6w.cloudfront.net/20385/1-small-we9Eey89gp.webp',20385),(571,'https://d2dql7oeescq6w.cloudfront.net/20386/1-small-A4Pyye7PLV.webp',20386),(572,'https://d2dql7oeescq6w.cloudfront.net/20387/1-small-dyomb7QqVm.webp',20387),(573,'https://d2dql7oeescq6w.cloudfront.net/20395/1-small-v09gbnnqAW.webp',20395),(574,'https://d2dql7oeescq6w.cloudfront.net/20396/1-small-NpP7Ay5qOl.webp',20396),(575,'https://d2dql7oeescq6w.cloudfront.net/20400/1-small-xePwl48ow8.webp',20400),(576,'https://d2dql7oeescq6w.cloudfront.net/204110/1-small-Al903xBnq8.webp',204110),(577,'https://d2dql7oeescq6w.cloudfront.net/204130/1-small-869D6mZYoM.webp',204130),(578,'https://d2dql7oeescq6w.cloudfront.net/204131/1-small-01q21ymwo7.webp',204131),(579,'https://d2dql7oeescq6w.cloudfront.net/204134/1-small-yLqGj03rod.webp',204134),(580,'https://d2dql7oeescq6w.cloudfront.net/204135/1-small-Gb9k6XDDq7.webp',204135),(581,'https://d2dql7oeescq6w.cloudfront.net/20426/1-small-kOq3vwvo63.webp',20426),(582,'https://d2dql7oeescq6w.cloudfront.net/20500/1-small-xePwlAOow8.webp',20500),(583,'https://d2dql7oeescq6w.cloudfront.net/20758/1-small-3MovVxLoAb.webp',20758),(584,'https://d2dql7oeescq6w.cloudfront.net/20795/1-small-v09gb1eqAW.webp',20795),(585,'https://d2dql7oeescq6w.cloudfront.net/20796/1-small-NpP7ANlqOl.webp',20796),(586,'https://d2dql7oeescq6w.cloudfront.net/20800/1-small-xePwlKKow8.webp',20800),(587,'https://d2dql7oeescq6w.cloudfront.net/20801/1-small-ElPBENJ9kG.webp',20801),(588,'https://d2dql7oeescq6w.cloudfront.net/20802/1-small-kAonywaPx8.webp',20802),(589,'https://d2dql7oeescq6w.cloudfront.net/210013/1-small-wyPb0O5jqE.webp',210013),(590,'https://d2dql7oeescq6w.cloudfront.net/210024/1-small-vXodRxrZ93.webp',210024),(591,'https://d2dql7oeescq6w.cloudfront.net/210096/1-small-NpP7OXRMPO.webp',210096),(592,'https://d2dql7oeescq6w.cloudfront.net/210097/1-small-aboKMDbw9p.webp',210097),(593,'https://d2dql7oeescq6w.cloudfront.net/210158/1-small-3MovwD68qA.webp',210158),(594,'https://d2dql7oeescq6w.cloudfront.net/210168/1-small-vXodRxBB93.webp',210168),(595,'https://d2dql7oeescq6w.cloudfront.net/210173/1-small-pYqx3mY4o1.webp',210173),(596,'https://d2dql7oeescq6w.cloudfront.net/210174/1-small-869D6Dp8oM.webp',210174),(597,'https://d2dql7oeescq6w.cloudfront.net/210330/1-small-869D6D23oM.webp',210330),(598,'https://d2dql7oeescq6w.cloudfront.net/210342/1-small-A4Pyl1gR9L.webp',210342),(599,'https://d2dql7oeescq6w.cloudfront.net/210380/1-small-7doLwLM1P6.webp',210380),(600,'https://d2dql7oeescq6w.cloudfront.net/210381/1-small-JzPJvLBbPk.webp',210381),(601,'https://d2dql7oeescq6w.cloudfront.net/210398/1-small-Al9038Qwq8.webp',210398),(602,'https://d2dql7oeescq6w.cloudfront.net/210399/1-small-A5qV6Obaqa.webp',210399),(603,'https://d2dql7oeescq6w.cloudfront.net/210444/1-small-xePwB1NE9w.webp',210444),(604,'https://d2dql7oeescq6w.cloudfront.net/210448/1-small-OJq5a0mBqp.webp',210448),(605,'https://d2dql7oeescq6w.cloudfront.net/210460/1-small-6xqAxDljoD.webp',210460),(606,'https://d2dql7oeescq6w.cloudfront.net/211152/1-small-NpP7OQOMPO.webp',211152),(607,'https://d2dql7oeescq6w.cloudfront.net/211155/1-small-A5qV6x6wqa.webp',211155),(608,'https://d2dql7oeescq6w.cloudfront.net/211186/1-small-A4Pylrpk9L.webp',211186),(609,'https://d2dql7oeescq6w.cloudfront.net/211190/1-small-kAonMA2aPx.webp',211190),(610,'https://d2dql7oeescq6w.cloudfront.net/211194/1-small-vVorQeEDP3.webp',211194),(611,'https://d2dql7oeescq6w.cloudfront.net/211198/1-small-Al903pjkq8.webp',211198),(612,'https://d2dql7oeescq6w.cloudfront.net/211238/1-small-MBoNpxXW9v.webp',211238),(613,'https://d2dql7oeescq6w.cloudfront.net/211240/1-small-rQqQpQwxoe.webp',211240),(614,'https://d2dql7oeescq6w.cloudfront.net/211242/1-small-A4Pylr3d9L.webp',211242),(615,'https://d2dql7oeescq6w.cloudfront.net/211243/1-small-dyomlRVMPV.webp',211243),(616,'https://d2dql7oeescq6w.cloudfront.net/211342/1-small-A4Pylr5y9L.webp',211342),(617,'https://d2dql7oeescq6w.cloudfront.net/211590/1-small-kAonMAQ3Px.webp',211590),(618,'https://d2dql7oeescq6w.cloudfront.net/211592/1-small-OJq5ay1Bqp.webp',211592),(619,'https://d2dql7oeescq6w.cloudfront.net/21200/1-small-xePwlMEow8.webp',21200),(620,'https://d2dql7oeescq6w.cloudfront.net/212607/1-small-v09gQK0GoA.webp',212607),(621,'https://d2dql7oeescq6w.cloudfront.net/212612/1-small-18oXwx7KPk.webp',212612),(622,'https://d2dql7oeescq6w.cloudfront.net/212613/1-small-wyPb054LqE.webp',212613),(623,'https://d2dql7oeescq6w.cloudfront.net/212616/1-small-6xqAxQYjoD.webp',212616),(624,'https://d2dql7oeescq6w.cloudfront.net/212617/1-small-Z8qpp4Wyq3.webp',212617),(625,'https://d2dql7oeescq6w.cloudfront.net/212650/1-small-vVorQeGpP3.webp',212650),(626,'https://d2dql7oeescq6w.cloudfront.net/212652/1-small-NpP7OQBEPO.webp',212652),(627,'https://d2dql7oeescq6w.cloudfront.net/212656/1-small-18oXwxGKPk.webp',212656),(628,'https://d2dql7oeescq6w.cloudfront.net/213302/1-small-kAonM5XaPx.webp',213302),(629,'https://d2dql7oeescq6w.cloudfront.net/213303/1-small-3MoMBRQ6q5.webp',213303),(630,'https://d2dql7oeescq6w.cloudfront.net/213304/1-small-OJq5abEKqp.webp',213304),(631,'https://d2dql7oeescq6w.cloudfront.net/213305/1-small-xQq8YAkn9Z.webp',213305),(632,'https://d2dql7oeescq6w.cloudfront.net/213310/1-small-Al9037Kkq8.webp',213310),(633,'https://d2dql7oeescq6w.cloudfront.net/213315/1-small-KpqRjeGXqL.webp',213315),(634,'https://d2dql7oeescq6w.cloudfront.net/213325/1-small-Ea91kKgVoz.webp',213325),(635,'https://d2dql7oeescq6w.cloudfront.net/213345/1-small-ElPB65wJPk.webp',213345),(636,'https://d2dql7oeescq6w.cloudfront.net/213351/1-small-v09gQN8moA.webp',213351),(637,'https://d2dql7oeescq6w.cloudfront.net/213352/1-small-NpP7ORDMPO.webp',213352),(638,'https://d2dql7oeescq6w.cloudfront.net/213353/1-small-aboKMbKw9p.webp',213353),(639,'https://d2dql7oeescq6w.cloudfront.net/213355/1-small-A5qV6NQwqa.webp',213355),(640,'https://d2dql7oeescq6w.cloudfront.net/213358/1-small-3MovwXewqA.webp',213358),(641,'https://d2dql7oeescq6w.cloudfront.net/213360/1-small-6xqAxM18oD.webp',213360),(642,'https://d2dql7oeescq6w.cloudfront.net/213363/1-small-rDq6KvZj9b.webp',213363),(643,'https://d2dql7oeescq6w.cloudfront.net/213364/1-small-AKqeLNAMop.webp',213364),(644,'https://d2dql7oeescq6w.cloudfront.net/213366/1-small-pyozpA4V9X.webp',213366),(645,'https://d2dql7oeescq6w.cloudfront.net/213368/1-small-vXodRNQZ93.webp',213368),(646,'https://d2dql7oeescq6w.cloudfront.net/213378/1-small-yLqGjKXKod.webp',213378),(647,'https://d2dql7oeescq6w.cloudfront.net/213382/1-small-MBoNpA659v.webp',213382),(648,'https://d2dql7oeescq6w.cloudfront.net/213383/1-small-zOPllnX1PR.webp',213383),(649,'https://d2dql7oeescq6w.cloudfront.net/213385/1-small-we9E3g6Log.webp',213385),(650,'https://d2dql7oeescq6w.cloudfront.net/213387/1-small-dyomlmyePV.webp',213387),(651,'https://d2dql7oeescq6w.cloudfront.net/213625/1-small-Ea91kKv5oz.webp',213625),(652,'https://d2dql7oeescq6w.cloudfront.net/213751/1-small-v09gQN7GoA.webp',213751),(653,'https://d2dql7oeescq6w.cloudfront.net/213804/1-small-OJq5abpRqp.webp',213804),(654,'https://d2dql7oeescq6w.cloudfront.net/213835/1-small-Gb9k6BDNq7.webp',213835),(655,'https://d2dql7oeescq6w.cloudfront.net/213846/1-small-kAonM51BPx.webp',213846),(656,'https://d2dql7oeescq6w.cloudfront.net/213860/1-small-6xqAxMDDoD.webp',213860),(657,'https://d2dql7oeescq6w.cloudfront.net/213865/1-small-bJ9YBNOWPL.webp',213865),(658,'https://d2dql7oeescq6w.cloudfront.net/213942/1-small-A4PylRR79L.webp',213942),(659,'https://d2dql7oeescq6w.cloudfront.net/214110/1-small-Al9037GDq8.webp',214110),(660,'https://d2dql7oeescq6w.cloudfront.net/214115/1-small-KpqRje7RqL.webp',214115),(661,'https://d2dql7oeescq6w.cloudfront.net/214125/1-small-Ea91kKG4oz.webp',214125),(662,'https://d2dql7oeescq6w.cloudfront.net/214130/1-small-869D6rEEoM.webp',214130),(663,'https://d2dql7oeescq6w.cloudfront.net/214134/1-small-yLqGjKG7od.webp',214134),(664,'https://d2dql7oeescq6w.cloudfront.net/214138/1-small-MBoNpA5D9v.webp',214138),(665,'https://d2dql7oeescq6w.cloudfront.net/214140/1-small-rQqQp6gBoe.webp',214140),(666,'https://d2dql7oeescq6w.cloudfront.net/214337/1-small-JzPJvXk0Pk.webp',214337),(667,'https://d2dql7oeescq6w.cloudfront.net/214405/1-small-xQq8YANn9Z.webp',214405),(668,'https://d2dql7oeescq6w.cloudfront.net/214413/1-small-wyPb0NVjqE.webp',214413),(669,'https://d2dql7oeescq6w.cloudfront.net/214415/1-small-KpqRjeJXqL.webp',214415),(670,'https://d2dql7oeescq6w.cloudfront.net/214450/1-small-vVorQ7ODP3.webp',214450),(671,'https://d2dql7oeescq6w.cloudfront.net/214455/1-small-A5qV6NJwqa.webp',214455),(672,'https://d2dql7oeescq6w.cloudfront.net/214473/1-small-pYqx3vNyo1.webp',214473),(673,'https://d2dql7oeescq6w.cloudfront.net/21474/1-small-869Daj6PMa.webp',21474),(674,'https://d2dql7oeescq6w.cloudfront.net/21476/1-small-nDPWRVV9Wa.webp',21476),(675,'https://d2dql7oeescq6w.cloudfront.net/21479/1-small-Gb9kEVmo75.webp',21479),(676,'https://d2dql7oeescq6w.cloudfront.net/21480/1-small-7doLlrKo6r.webp',21480),(677,'https://d2dql7oeescq6w.cloudfront.net/21488/1-small-xePwXxvow8.webp',21488),(678,'https://d2dql7oeescq6w.cloudfront.net/21497/1-small-aboKl1zqpM.webp',21497),(679,'https://d2dql7oeescq6w.cloudfront.net/21499/1-small-A5qVR8MqaQ.webp',21499),(680,'https://d2dql7oeescq6w.cloudfront.net/21506/1-small-vVorx0W93z.webp',21506),(681,'https://d2dql7oeescq6w.cloudfront.net/21510/1-small-Al90aznP8w.webp',21510),(682,'https://d2dql7oeescq6w.cloudfront.net/21513/1-small-wyPbJaZPEm.webp',21513),(683,'https://d2dql7oeescq6w.cloudfront.net/21518/1-small-2B94EpYPkM.webp',21518),(684,'https://d2dql7oeescq6w.cloudfront.net/215520/1-small-AKqeLwdMop.webp',215520),(685,'https://d2dql7oeescq6w.cloudfront.net/215532/1-small-nDPWz1mO9W.webp',215532),(686,'https://d2dql7oeescq6w.cloudfront.net/215533/1-small-YLPj78GXok.webp',215533),(687,'https://d2dql7oeescq6w.cloudfront.net/215534/1-small-yLqGjywKod.webp',215534),(688,'https://d2dql7oeescq6w.cloudfront.net/215538/1-small-MBoNp1g59v.webp',215538),(689,'https://d2dql7oeescq6w.cloudfront.net/215539/1-small-zOPllgN1PR.webp',215539),(690,'https://d2dql7oeescq6w.cloudfront.net/215541/1-small-we9E3yxLog.webp',215541),(691,'https://d2dql7oeescq6w.cloudfront.net/215542/1-small-A4Pyle7k9L.webp',215542),(692,'https://d2dql7oeescq6w.cloudfront.net/215548/1-small-OJq5aYkKqp.webp',215548),(693,'https://d2dql7oeescq6w.cloudfront.net/215549/1-small-xQq8Yyen9Z.webp',215549),(694,'https://d2dql7oeescq6w.cloudfront.net/215578/1-small-yLqGjyWKod.webp',215578),(695,'https://d2dql7oeescq6w.cloudfront.net/215603/1-small-3MoMByOeq5.webp',215603),(696,'https://d2dql7oeescq6w.cloudfront.net/215604/1-small-OJq5aYXvqp.webp',215604),(697,'https://d2dql7oeescq6w.cloudfront.net/215640/1-small-rQqQpGYxoe.webp',215640),(698,'https://d2dql7oeescq6w.cloudfront.net/215641/1-small-we9E3yXkog.webp',215641),(699,'https://d2dql7oeescq6w.cloudfront.net/215642/1-small-A4Pylewd9L.webp',215642),(700,'https://d2dql7oeescq6w.cloudfront.net/215643/1-small-dyoml75MPV.webp',215643),(701,'https://d2dql7oeescq6w.cloudfront.net/215644/1-small-xePwB4279w.webp',215644),(702,'https://d2dql7oeescq6w.cloudfront.net/21566/1-small-pyozR33oXn.webp',21566),(703,'https://d2dql7oeescq6w.cloudfront.net/215662/1-small-2B94YeJ8Pk.webp',215662),(704,'https://d2dql7oeescq6w.cloudfront.net/215664/1-small-AKqeLwrOop.webp',215664),(705,'https://d2dql7oeescq6w.cloudfront.net/215666/1-small-pyozpYQA9X.webp',215666),(706,'https://d2dql7oeescq6w.cloudfront.net/215668/1-small-vXodRE8B93.webp',215668),(707,'https://d2dql7oeescq6w.cloudfront.net/21567/1-small-MNqZdvlPA7.webp',21567),(708,'https://d2dql7oeescq6w.cloudfront.net/215670/1-small-kOq336xJq6.webp',215670),(709,'https://d2dql7oeescq6w.cloudfront.net/215672/1-small-xyqa41nVoD.webp',215672),(710,'https://d2dql7oeescq6w.cloudfront.net/215676/1-small-nDPWz1ZK9W.webp',215676),(711,'https://d2dql7oeescq6w.cloudfront.net/215677/1-small-YLPj78V6ok.webp',215677),(712,'https://d2dql7oeescq6w.cloudfront.net/21569/1-small-Ea911wj9zY.webp',21569),(713,'https://d2dql7oeescq6w.cloudfront.net/21646/1-small-kAonxXb9x8.webp',21646),(714,'https://d2dql7oeescq6w.cloudfront.net/21649/1-small-xQq84EgqZd.webp',21649),(715,'https://d2dql7oeescq6w.cloudfront.net/21659/1-small-KpqRRGRqLz.webp',21659),(716,'https://d2dql7oeescq6w.cloudfront.net/217015/1-small-KpqRjEB0qL.webp',217015),(717,'https://d2dql7oeescq6w.cloudfront.net/217026/1-small-kOq33wr5q6.webp',217026),(718,'https://d2dql7oeescq6w.cloudfront.net/21810/1-small-Al90aaRP8w.webp',21810),(719,'https://d2dql7oeescq6w.cloudfront.net/21816/1-small-6xqAaaYqDr.webp',21816),(720,'https://d2dql7oeescq6w.cloudfront.net/218518/1-small-2B94YBrOPk.webp',218518),(721,'https://d2dql7oeescq6w.cloudfront.net/21863/1-small-rDq66kdqbW.webp',21863),(722,'https://d2dql7oeescq6w.cloudfront.net/21878/1-small-yLqGlgd9d4.webp',21878),(723,'https://d2dql7oeescq6w.cloudfront.net/21879/1-small-Gb9kEjEo75.webp',21879),(724,'https://d2dql7oeescq6w.cloudfront.net/21880/1-small-7doLlXpo6r.webp',21880),(725,'https://d2dql7oeescq6w.cloudfront.net/21894/1-small-vVorxNv93z.webp',21894),(726,'https://d2dql7oeescq6w.cloudfront.net/21895/1-small-v09gxOePAW.webp',21895),(727,'https://d2dql7oeescq6w.cloudfront.net/21896/1-small-NpP74mloOl.webp',21896),(728,'https://d2dql7oeescq6w.cloudfront.net/21901/1-small-ElPBanJ9kG.webp',21901),(729,'https://d2dql7oeescq6w.cloudfront.net/219015/1-small-KpqRjWv3qL.webp',219015),(730,'https://d2dql7oeescq6w.cloudfront.net/219026/1-small-kOq33ZX8q6.webp',219026),(731,'https://d2dql7oeescq6w.cloudfront.net/219036/1-small-7doLwm0rP6.webp',219036),(732,'https://d2dql7oeescq6w.cloudfront.net/21933/1-small-YLPjxGXqkx.webp',21933),(733,'https://d2dql7oeescq6w.cloudfront.net/21937/1-small-JzPJlMYqkb.webp',21937),(734,'https://d2dql7oeescq6w.cloudfront.net/220018/1-small-2B94Ydy8Pk.webp',220018),(735,'https://d2dql7oeescq6w.cloudfront.net/220032/1-small-nDPWzyBK9W.webp',220032),(736,'https://d2dql7oeescq6w.cloudfront.net/22006/1-small-vVorxK893z.webp',22006),(737,'https://d2dql7oeescq6w.cloudfront.net/22015/1-small-KpqRRYNqLz.webp',22015),(738,'https://d2dql7oeescq6w.cloudfront.net/22022/1-small-pyozRBAoXn.webp',22022),(739,'https://d2dql7oeescq6w.cloudfront.net/22031/1-small-01q2dKZP7n.webp',22031),(740,'https://d2dql7oeescq6w.cloudfront.net/22032/1-small-nDPWRYK9Wa.webp',22032),(741,'https://d2dql7oeescq6w.cloudfront.net/22055/1-small-A5qVRDRqaQ.webp',22055),(742,'https://d2dql7oeescq6w.cloudfront.net/22078/1-small-yLqGl0Z9d4.webp',22078),(743,'https://d2dql7oeescq6w.cloudfront.net/22084/1-small-rQqQRax9ea.webp',22084),(744,'https://d2dql7oeescq6w.cloudfront.net/22218/1-small-2B94EKlPkM.webp',22218),(745,'https://d2dql7oeescq6w.cloudfront.net/22251/1-small-v09gxKvPAW.webp',22251),(746,'https://d2dql7oeescq6w.cloudfront.net/22260/1-small-6xqAaQbqDr.webp',22260),(747,'https://d2dql7oeescq6w.cloudfront.net/22261/1-small-Z8qpx4Jq3N.webp',22261),(748,'https://d2dql7oeescq6w.cloudfront.net/22393/1-small-xQq848zqZd.webp',22393),(749,'https://d2dql7oeescq6w.cloudfront.net/22394/1-small-vVorxRp93z.webp',22394),(750,'https://d2dql7oeescq6w.cloudfront.net/224232/1-small-nDPWz5gG9W.webp',224232),(751,'https://d2dql7oeescq6w.cloudfront.net/224233/1-small-YLPj7Z3Yok.webp',224233),(752,'https://d2dql7oeescq6w.cloudfront.net/224239/1-small-zOPll1aJPR.webp',224239),(753,'https://d2dql7oeescq6w.cloudfront.net/224242/1-small-A4PylWEn9L.webp',224242),(754,'https://d2dql7oeescq6w.cloudfront.net/22427/1-small-OW9OlWLPgE.webp',22427),(755,'https://d2dql7oeescq6w.cloudfront.net/22428/1-small-xyqaJW69Db.webp',22428),(756,'https://d2dql7oeescq6w.cloudfront.net/225515/1-small-KpqRj2xNqL.webp',225515),(757,'https://d2dql7oeescq6w.cloudfront.net/225528/1-small-xyqa4VMVoD.webp',225528),(758,'https://d2dql7oeescq6w.cloudfront.net/225528/1-small-xyqa4VMVoD.webp',225528),(759,'https://d2dql7oeescq6w.cloudfront.net/225530/1-small-869D62Q8oM.webp',225530),(760,'https://d2dql7oeescq6w.cloudfront.net/225533/1-small-YLPj7eX6ok.webp',225533),(761,'https://d2dql7oeescq6w.cloudfront.net/225534/1-small-yLqGj2QZod.webp',225534),(762,'https://d2dql7oeescq6w.cloudfront.net/22760/1-small-6xqAaJRqDr.webp',22760),(763,'https://d2dql7oeescq6w.cloudfront.net/22778/1-small-yLqGlE79d4.webp',22778),(764,'https://d2dql7oeescq6w.cloudfront.net/22795/1-small-v09gxYjPAW.webp',22795),(765,'https://d2dql7oeescq6w.cloudfront.net/22800/1-small-xePwXLJow8.webp',22800),(766,'https://d2dql7oeescq6w.cloudfront.net/22823/1-small-MNqZdmBPA7.webp',22823),(767,'https://d2dql7oeescq6w.cloudfront.net/22824/1-small-vXodJ4z93k.webp',22824),(768,'https://d2dql7oeescq6w.cloudfront.net/22829/1-small-pYqxlNxq1L.webp',22829),(769,'https://d2dql7oeescq6w.cloudfront.net/22831/1-small-01q2dneP7n.webp',22831),(770,'https://d2dql7oeescq6w.cloudfront.net/22850/1-small-vVorxYB93z.webp',22850),(771,'https://d2dql7oeescq6w.cloudfront.net/230000/1-small-xePwBN3d9w.webp',230000),(772,'https://d2dql7oeescq6w.cloudfront.net/231613/1-small-wyPb0KRZqE.webp',231613),(773,'https://d2dql7oeescq6w.cloudfront.net/232111/1-small-A5qV6kpRqa.webp',232111),(774,'https://d2dql7oeescq6w.cloudfront.net/232125/1-small-Ea91kz6Yoz.webp',232125),(775,'https://d2dql7oeescq6w.cloudfront.net/232126/1-small-kOq33dYJq6.webp',232126),(776,'https://d2dql7oeescq6w.cloudfront.net/232127/1-small-OW9OzL0Zqg.webp',232127),(777,'https://d2dql7oeescq6w.cloudfront.net/232130/1-small-869D6kN8oM.webp',232130),(778,'https://d2dql7oeescq6w.cloudfront.net/23418/1-small-2B94DWv9kM.webp',23418),(779,'https://d2dql7oeescq6w.cloudfront.net/23434/1-small-yLqGxVG9d4.webp',23434),(780,'https://d2dql7oeescq6w.cloudfront.net/23435/1-small-Gb9k2Vdq75.webp',23435),(781,'https://d2dql7oeescq6w.cloudfront.net/23436/1-small-7doLpr2o6r.webp',23436),(782,'https://d2dql7oeescq6w.cloudfront.net/23804/1-small-OJq51Ozqpr.webp',23804),(783,'https://d2dql7oeescq6w.cloudfront.net/23806/1-small-vVor3NQq3z.webp',23806),(784,'https://d2dql7oeescq6w.cloudfront.net/23807/1-small-v09g4OjPAW.webp',23807),(785,'https://d2dql7oeescq6w.cloudfront.net/23815/1-small-KpqRl8RPLz.webp',23815),(786,'https://d2dql7oeescq6w.cloudfront.net/23925/1-small-Ea91DvaqzY.webp',23925),(787,'https://d2dql7oeescq6w.cloudfront.net/23926/1-small-kOq3mBMP63.webp',23926),(788,'https://d2dql7oeescq6w.cloudfront.net/23946/1-small-kAonQmyPx8.webp',23946),(789,'https://d2dql7oeescq6w.cloudfront.net/23971/1-small-OW9ObaYqgE.webp',23971),(790,'https://d2dql7oeescq6w.cloudfront.net/23982/1-small-MBoNaypPvA.webp',23982),(791,'https://d2dql7oeescq6w.cloudfront.net/23986/1-small-A4PyvQAoLV.webp',23986),(792,'https://d2dql7oeescq6w.cloudfront.net/23987/1-small-dyomJvYqVm.webp',23987),(793,'https://d2dql7oeescq6w.cloudfront.net/240006/1-small-vVorQYpkP3.webp',240006),(794,'https://d2dql7oeescq6w.cloudfront.net/24001/1-small-ElPBd8QqkG.webp',24001),(795,'https://d2dql7oeescq6w.cloudfront.net/240092/1-small-OJq5aKzlqp.webp',240092),(796,'https://d2dql7oeescq6w.cloudfront.net/24015/1-small-KpqRlZdPLz.webp',24015),(797,'https://d2dql7oeescq6w.cloudfront.net/240162/1-small-2B94Y7YvPk.webp',240162),(798,'https://d2dql7oeescq6w.cloudfront.net/240228/1-small-xyqa4pK6oD.webp',240228),(799,'https://d2dql7oeescq6w.cloudfront.net/240239/1-small-zOPllamBPR.webp',240239),(800,'https://d2dql7oeescq6w.cloudfront.net/240240/1-small-rQqQpBwvoe.webp',240240),(801,'https://d2dql7oeescq6w.cloudfront.net/240243/1-small-dyomlxVnPV.webp',240243),(802,'https://d2dql7oeescq6w.cloudfront.net/240251/1-small-v09gQZlxoA.webp',240251),(803,'https://d2dql7oeescq6w.cloudfront.net/240269/1-small-Ea91k80yoz.webp',240269),(804,'https://d2dql7oeescq6w.cloudfront.net/240284/1-small-rQqQpBVvoe.webp',240284),(805,'https://d2dql7oeescq6w.cloudfront.net/240291/1-small-3MoMBjgQq5.webp',240291),(806,'https://d2dql7oeescq6w.cloudfront.net/240631/1-small-01q21rEeo7.webp',240631),(807,'https://d2dql7oeescq6w.cloudfront.net/240633/1-small-YLPj7342ok.webp',240633),(808,'https://d2dql7oeescq6w.cloudfront.net/240637/1-small-JzPJvD0nPk.webp',240637),(809,'https://d2dql7oeescq6w.cloudfront.net/240640/1-small-rQqQpB5woe.webp',240640),(810,'https://d2dql7oeescq6w.cloudfront.net/240644/1-small-xePwBEGJ9w.webp',240644),(811,'https://d2dql7oeescq6w.cloudfront.net/240645/1-small-ElPB6znjPk.webp',240645),(812,'https://d2dql7oeescq6w.cloudfront.net/240648/1-small-OJq5aKO1qp.webp',240648),(813,'https://d2dql7oeescq6w.cloudfront.net/240925/1-small-Ea91k8bYoz.webp',240925),(814,'https://d2dql7oeescq6w.cloudfront.net/241340/1-small-rQqQpB7voe.webp',241340),(815,'https://d2dql7oeescq6w.cloudfront.net/241364/1-small-AKqeLYanop.webp',241364),(816,'https://d2dql7oeescq6w.cloudfront.net/241495/1-small-v09gQZ1noA.webp',241495),(817,'https://d2dql7oeescq6w.cloudfront.net/24150/1-small-vVor32Dq3z.webp',24150),(818,'https://d2dql7oeescq6w.cloudfront.net/241518/1-small-2B94Y72YPk.webp',241518),(819,'https://d2dql7oeescq6w.cloudfront.net/241526/1-small-kOq33gDvq6.webp',241526),(820,'https://d2dql7oeescq6w.cloudfront.net/241535/1-small-Gb9k6OeDq7.webp',241535),(821,'https://d2dql7oeescq6w.cloudfront.net/24155/1-small-A5qVAOwoaQ.webp',24155),(822,'https://d2dql7oeescq6w.cloudfront.net/24156/1-small-18oXdxyokb.webp',24156),(823,'https://d2dql7oeescq6w.cloudfront.net/24170/1-small-kOq3mekP63.webp',24170),(824,'https://d2dql7oeescq6w.cloudfront.net/24171/1-small-OW9Obm4qgE.webp',24171),(825,'https://d2dql7oeescq6w.cloudfront.net/24191/1-small-3MoMbG6q5E.webp',24191),(826,'https://d2dql7oeescq6w.cloudfront.net/24195/1-small-v09g4KmPAW.webp',24195),(827,'https://d2dql7oeescq6w.cloudfront.net/24197/1-small-aboKRWwPpM.webp',24197),(828,'https://d2dql7oeescq6w.cloudfront.net/24199/1-small-A5qVAxwoaQ.webp',24199),(829,'https://d2dql7oeescq6w.cloudfront.net/24204/1-small-OJq51bvqpr.webp',24204),(830,'https://d2dql7oeescq6w.cloudfront.net/24205/1-small-xQq81Aa9Zd.webp',24205),(831,'https://d2dql7oeescq6w.cloudfront.net/24208/1-small-NpP72RD9Ol.webp',24208),(832,'https://d2dql7oeescq6w.cloudfront.net/24212/1-small-18oXdNdokb.webp',24212),(833,'https://d2dql7oeescq6w.cloudfront.net/24215/1-small-KpqRleNPLz.webp',24215),(834,'https://d2dql7oeescq6w.cloudfront.net/24227/1-small-OW9ObpZqgE.webp',24227),(835,'https://d2dql7oeescq6w.cloudfront.net/24271/1-small-OW9ObNZqgE.webp',24271),(836,'https://d2dql7oeescq6w.cloudfront.net/24401/1-small-ElPBdGbqkG.webp',24401),(837,'https://d2dql7oeescq6w.cloudfront.net/24402/1-small-kAonQ00Px8.webp',24402),(838,'https://d2dql7oeescq6w.cloudfront.net/24406/1-small-vVor3vkq3z.webp',24406),(839,'https://d2dql7oeescq6w.cloudfront.net/24713/1-small-wyPbGV1oEm.webp',24713),(840,'https://d2dql7oeescq6w.cloudfront.net/24740/1-small-rQqQbmb9ea.webp',24740),(841,'https://d2dql7oeescq6w.cloudfront.net/24801/1-small-ElPBd7lqkG.webp',24801),(842,'https://d2dql7oeescq6w.cloudfront.net/248017/1-small-Z8qppe71q3.webp',248017),(843,'https://d2dql7oeescq6w.cloudfront.net/24802/1-small-kAonQpEPx8.webp',24802),(844,'https://d2dql7oeescq6w.cloudfront.net/248524/1-small-vXodR7lZ93.webp',248524),(845,'https://d2dql7oeescq6w.cloudfront.net/248530/1-small-869D6AVMoM.webp',248530),(846,'https://d2dql7oeescq6w.cloudfront.net/248580/1-small-7doLwdREP6.webp',248580),(847,'https://d2dql7oeescq6w.cloudfront.net/250061/1-small-Z8qppJNyq3.webp',250061),(848,'https://d2dql7oeescq6w.cloudfront.net/250062/1-small-2B94Ym0vPk.webp',250062),(849,'https://d2dql7oeescq6w.cloudfront.net/250344/1-small-xePwBMG89w.webp',250344),(850,'https://d2dql7oeescq6w.cloudfront.net/251445/1-small-ElPB6WelPk.webp',251445),(851,'https://d2dql7oeescq6w.cloudfront.net/251495/1-small-v09gQam0oA.webp',251495),(852,'https://d2dql7oeescq6w.cloudfront.net/252015/1-small-KpqRjO03qL.webp',252015),(853,'https://d2dql7oeescq6w.cloudfront.net/25506/1-small-vVorNAko3z.webp',25506),(854,'https://d2dql7oeescq6w.cloudfront.net/25511/1-small-A5qVKla9aQ.webp',25511),(855,'https://d2dql7oeescq6w.cloudfront.net/25514/1-small-3MovNBGoAb.webp',25514),(856,'https://d2dql7oeescq6w.cloudfront.net/25601/1-small-ElPBnjXPkG.webp',25601),(857,'https://d2dql7oeescq6w.cloudfront.net/25735/1-small-Gb9kj2Nq75.webp',25735),(858,'https://d2dql7oeescq6w.cloudfront.net/25739/1-small-zOPle4BoRW.webp',25739),(859,'https://d2dql7oeescq6w.cloudfront.net/25748/1-small-OJq5OORPpr.webp',25748),(860,'https://d2dql7oeescq6w.cloudfront.net/25830/1-small-869D546PMa.webp',25830),(861,'https://d2dql7oeescq6w.cloudfront.net/25845/1-small-ElPBn38PkG.webp',25845),(862,'https://d2dql7oeescq6w.cloudfront.net/25847/1-small-3MoMw4395E.webp',25847),(863,'https://d2dql7oeescq6w.cloudfront.net/26000/1-small-xePwGwOPw8.webp',26000),(864,'https://d2dql7oeescq6w.cloudfront.net/260079/1-small-Gb9kw6LN97.webp',260079),(865,'https://d2dql7oeescq6w.cloudfront.net/260239/1-small-zOPlmlZgoR.webp',260239),(866,'https://d2dql7oeescq6w.cloudfront.net/260250/1-small-vVorEQJWP3.webp',260250),(867,'https://d2dql7oeescq6w.cloudfront.net/260251/1-small-v09gjQL0qA.webp',260251),(868,'https://d2dql7oeescq6w.cloudfront.net/260255/1-small-A5qVy6epoa.webp',260255),(869,'https://d2dql7oeescq6w.cloudfront.net/260507/1-small-v09gjQ5eqA.webp',260507),(870,'https://d2dql7oeescq6w.cloudfront.net/260508/1-small-NpP7bO5l9O.webp',260508),(871,'https://d2dql7oeescq6w.cloudfront.net/260516/1-small-6xqArxvY9D.webp',260516),(872,'https://d2dql7oeescq6w.cloudfront.net/260522/1-small-pyozapZ1PX.webp',260522),(873,'https://d2dql7oeescq6w.cloudfront.net/26094/1-small-vVorNeQo3z.webp',26094),(874,'https://d2dql7oeescq6w.cloudfront.net/260971/1-small-OW9ORzYyqg.webp',260971),(875,'https://d2dql7oeescq6w.cloudfront.net/261080/1-small-7doL7wz2P6.webp',261080),(876,'https://d2dql7oeescq6w.cloudfront.net/261170/1-small-kOq3W3Y4q6.webp',261170),(877,'https://d2dql7oeescq6w.cloudfront.net/261173/1-small-pYqxK3Xwo1.webp',261173),(878,'https://d2dql7oeescq6w.cloudfront.net/261174/1-small-869Dx6Ne9M.webp',261174),(879,'https://d2dql7oeescq6w.cloudfront.net/261175/1-small-01q281eOP7.webp',261175),(880,'https://d2dql7oeescq6w.cloudfront.net/261180/1-small-7doL7wgdP6.webp',261180),(881,'https://d2dql7oeescq6w.cloudfront.net/261184/1-small-rQqQ8pxvoe.webp',261184),(882,'https://d2dql7oeescq6w.cloudfront.net/26515/1-small-KpqR863PLz.webp',26515),(883,'https://d2dql7oeescq6w.cloudfront.net/26518/1-small-2B94j66okM.webp',26518);
/*!40000 ALTER TABLE `productimage` ENABLE KEYS */;
UNLOCK TABLES;

--
-- Table structure for table `user`
--

DROP TABLE IF EXISTS `user`;
/*!40101 SET @saved_cs_client     = @@character_set_client */;
/*!50503 SET character_set_client = utf8mb4 */;
CREATE TABLE `user` (
  `user_id` int NOT NULL AUTO_INCREMENT,
  `user_email` varchar(256) CHARACTER SET utf8mb4 COLLATE utf8mb4_unicode_ci NOT NULL,
  `user_password` varchar(256) CHARACTER SET utf8mb4 COLLATE utf8mb4_unicode_ci NOT NULL,
  PRIMARY KEY (`user_id`)
) ENGINE=InnoDB AUTO_INCREMENT=19 DEFAULT CHARSET=utf8mb4 COLLATE=utf8mb4_unicode_ci;
/*!40101 SET character_set_client = @saved_cs_client */;

--
-- Dumping data for table `user`
--

LOCK TABLES `user` WRITE;
/*!40000 ALTER TABLE `user` DISABLE KEYS */;
INSERT INTO `user` VALUES (16,'admin@mail.dk','$2b$10$Gy5xVz5fmlT/PvcihxpimOpTHRU6LM24p/FuARZXNkX7311F3.3O6'),(17,'customer@mail.dk','$2b$10$mLoqrxepQE1e1i2q1reNZuGLkB4UC3DeZ54tbL/cw5SLhjkJ.ybGW'),(18,'customer2@mail.dk','$2b$10$FMjI8cign9myguA0SuFNEuDe7iufUfNclrp1lcgJMyvmud6lNgEP2');
/*!40000 ALTER TABLE `user` ENABLE KEYS */;
UNLOCK TABLES;

--
-- Table structure for table `user_role`
--

DROP TABLE IF EXISTS `user_role`;
/*!40101 SET @saved_cs_client     = @@character_set_client */;
/*!50503 SET character_set_client = utf8mb4 */;
CREATE TABLE `user_role` (
  `user_role_id` int NOT NULL AUTO_INCREMENT,
  `user_role` varchar(256) CHARACTER SET utf8mb4 COLLATE utf8mb4_unicode_ci NOT NULL,
  PRIMARY KEY (`user_role_id`)
) ENGINE=InnoDB AUTO_INCREMENT=4 DEFAULT CHARSET=utf8mb4 COLLATE=utf8mb4_unicode_ci;
/*!40101 SET character_set_client = @saved_cs_client */;

--
-- Dumping data for table `user_role`
--

LOCK TABLES `user_role` WRITE;
/*!40000 ALTER TABLE `user_role` DISABLE KEYS */;
INSERT INTO `user_role` VALUES (1,'customer'),(2,'admin');
/*!40000 ALTER TABLE `user_role` ENABLE KEYS */;
UNLOCK TABLES;

--
-- Table structure for table `user_token`
--

DROP TABLE IF EXISTS `user_token`;
/*!40101 SET @saved_cs_client     = @@character_set_client */;
/*!50503 SET character_set_client = utf8mb4 */;
CREATE TABLE `user_token` (
  `token_id` varchar(256) CHARACTER SET utf8mb4 COLLATE utf8mb4_unicode_ci NOT NULL,
  `user_id` int NOT NULL,
  PRIMARY KEY (`token_id`),
  KEY `User_token_user_id_fkey` (`user_id`),
  CONSTRAINT `User_token_user_id_fkey` FOREIGN KEY (`user_id`) REFERENCES `user` (`user_id`) ON DELETE RESTRICT ON UPDATE CASCADE
) ENGINE=InnoDB DEFAULT CHARSET=utf8mb4 COLLATE=utf8mb4_unicode_ci;
/*!40101 SET character_set_client = @saved_cs_client */;

--
-- Dumping data for table `user_token`
--

LOCK TABLES `user_token` WRITE;
/*!40000 ALTER TABLE `user_token` DISABLE KEYS */;
/*!40000 ALTER TABLE `user_token` ENABLE KEYS */;
UNLOCK TABLES;
/*!40103 SET TIME_ZONE=@OLD_TIME_ZONE */;

/*!40101 SET SQL_MODE=@OLD_SQL_MODE */;
/*!40014 SET FOREIGN_KEY_CHECKS=@OLD_FOREIGN_KEY_CHECKS */;
/*!40014 SET UNIQUE_CHECKS=@OLD_UNIQUE_CHECKS */;
/*!40101 SET CHARACTER_SET_CLIENT=@OLD_CHARACTER_SET_CLIENT */;
/*!40101 SET CHARACTER_SET_RESULTS=@OLD_CHARACTER_SET_RESULTS */;
/*!40101 SET COLLATION_CONNECTION=@OLD_COLLATION_CONNECTION */;
/*!40111 SET SQL_NOTES=@OLD_SQL_NOTES */;

-- Dump completed on 2023-12-01 11:56:17
